country,happiness_rank,happiness_score,economy_gdp_per_capita,health_life_expectancy,freedom,trust_government_corruption,generosity,year
Switzerland,1,7.587000000000001,1.3965100000000001,0.9414299999999999,0.66557,0.41978000000000004,0.29678000000000004,2015
Iceland,2,7.561,1.3023200000000001,0.94784,0.6287699999999999,0.14145,0.4363,2015
Denmark,3,7.527,1.32548,0.87464,0.6493800000000001,0.48357,0.34139,2015
Norway,4,7.522,1.459,0.88521,0.66973,0.36503,0.34699,2015
Canada,5,7.4270000000000005,1.32629,0.9056299999999999,0.63297,0.32957,0.45811,2015
Finland,6,7.406000000000001,1.29025,0.8891100000000001,0.64169,0.41372,0.23351,2015
Netherlands,7,7.377999999999999,1.32944,0.89284,0.6157600000000001,0.31814000000000003,0.4761,2015
Sweden,8,7.364,1.33171,0.9108700000000001,0.6598,0.43843999999999994,0.36262,2015
New Zealand,9,7.2860000000000005,1.2501799999999998,0.9083700000000001,0.6393800000000001,0.42922,0.47501000000000004,2015
Australia,10,7.284,1.33358,0.93156,0.6512399999999999,0.35636999999999996,0.43562,2015
Israel,11,7.278,1.2285700000000002,0.9138700000000001,0.41318999999999995,0.07785,0.33171999999999996,2015
Costa Rica,12,7.226,0.95578,0.8602700000000001,0.63376,0.10583,0.25497,2015
Austria,13,7.2,1.33723,0.8904200000000001,0.62433,0.18675999999999998,0.33088,2015
Mexico,14,7.187,1.02054,0.8144399999999999,0.48181,0.21311999999999998,0.14074,2015
United States,15,7.119,1.3945100000000001,0.86179,0.54604,0.1589,0.40105,2015
Brazil,16,6.983,0.98124,0.69702,0.49049,0.17521,0.14574,2015
Luxembourg,17,6.946000000000001,1.5639100000000001,0.91894,0.61583,0.37798000000000004,0.28034000000000003,2015
Ireland,18,6.94,1.33596,0.89533,0.6177699999999999,0.28703,0.45901000000000003,2015
Belgium,19,6.937,1.30782,0.8966700000000001,0.5845,0.2254,0.2225,2015
United Arab Emirates,20,6.901,1.42727,0.80925,0.64157,0.38583,0.26428,2015
United Kingdom,21,6.867000000000001,1.26637,0.90943,0.59625,0.32066999999999996,0.51912,2015
Oman,22,6.853,1.36011,0.76276,0.63274,0.32524000000000003,0.21541999999999997,2015
Venezuela,23,6.81,1.04424,0.7205199999999999,0.42908,0.11069000000000001,0.058410000000000004,2015
Singapore,24,6.797999999999999,1.52186,1.02525,0.54252,0.4921,0.31105,2015
Panama,25,6.7860000000000005,1.0635299999999999,0.79661,0.5421,0.0927,0.24434,2015
Germany,26,6.75,1.32792,0.89186,0.6147699999999999,0.21843,0.28214,2015
Chile,27,6.67,1.10715,0.85857,0.44132,0.12869,0.33363000000000004,2015
Qatar,28,6.611000000000001,1.69042,0.79733,0.6404,0.52208,0.32573,2015
France,29,6.575,1.27778,0.9457899999999999,0.55011,0.20646,0.12332,2015
Argentina,30,6.574,1.05351,0.78723,0.44974,0.08484,0.11450999999999999,2015
Czech Republic,31,6.505,1.17898,0.84483,0.46363999999999994,0.02652,0.10686,2015
Uruguay,32,6.485,1.06166,0.8116,0.6036199999999999,0.24558000000000002,0.2324,2015
Colombia,33,6.477,0.91861,0.69077,0.53466,0.0512,0.18400999999999998,2015
Thailand,34,6.455,0.9669,0.7385,0.5566399999999999,0.031869999999999996,0.5763,2015
Saudi Arabia,35,6.4110000000000005,1.39541,0.72025,0.31048000000000003,0.32524000000000003,0.13706,2015
Spain,36,6.329,1.23011,0.95562,0.45951000000000003,0.06398,0.18227000000000002,2015
Malta,37,6.3020000000000005,1.2074,0.88721,0.60365,0.13585999999999998,0.51752,2015
Taiwan,38,6.297999999999999,1.29098,0.8753,0.3974,0.08129,0.25376,2015
Kuwait,39,6.295,1.5542200000000002,0.72492,0.55499,0.25609,0.16228,2015
Suriname,40,6.269,0.99534,0.6082,0.5965699999999999,0.13633,0.16990999999999998,2015
Trinidad and Tobago,41,6.167999999999999,1.21183,0.61483,0.55884,0.0114,0.31844,2015
El Salvador,42,6.13,0.76454,0.67737,0.4035,0.11775999999999999,0.10692,2015
Guatemala,43,6.122999999999999,0.74553,0.64425,0.57733,0.09472,0.27489,2015
Uzbekistan,44,6.002999999999999,0.63244,0.59772,0.6582100000000001,0.30826,0.22837,2015
Slovakia,45,5.995,1.1689100000000001,0.7890199999999999,0.31751,0.03431,0.16893,2015
Japan,46,5.987,1.27074,0.99111,0.49615,0.1806,0.10705,2015
South Korea,47,5.984,1.24461,0.9653799999999999,0.33208000000000004,0.07857,0.18557,2015
Ecuador,48,5.975,0.8640200000000001,0.79075,0.48573999999999995,0.1809,0.11540999999999998,2015
Bahrain,49,5.96,1.32376,0.74716,0.45492,0.306,0.17362,2015
Italy,50,5.9479999999999995,1.25114,0.9544600000000001,0.26236,0.02901,0.22823000000000002,2015
Bolivia,51,5.89,0.68133,0.5392,0.57414,0.08800000000000001,0.20536,2015
Moldova,52,5.888999999999999,0.59448,0.61826,0.32818,0.01615,0.20951,2015
Paraguay,53,5.877999999999999,0.75985,0.66098,0.53899,0.08242000000000001,0.3424,2015
Kazakhstan,54,5.855,1.1225399999999999,0.64368,0.51649,0.08454,0.11827,2015
Slovenia,55,5.848,1.18498,0.8733700000000001,0.60855,0.03787,0.25328,2015
Lithuania,56,5.832999999999999,1.14723,0.73128,0.21341999999999997,0.01031,0.026410000000000003,2015
Nicaragua,57,5.827999999999999,0.59325,0.7431399999999999,0.55475,0.19317,0.27815,2015
Peru,58,5.824,0.9001899999999999,0.73017,0.41496000000000005,0.05989,0.14982,2015
Belarus,59,5.813,1.0319200000000002,0.7360800000000001,0.37938,0.1909,0.11045999999999999,2015
Poland,60,5.791,1.12555,0.77903,0.53122,0.04212,0.16759000000000002,2015
Malaysia,61,5.77,1.12486,0.7239399999999999,0.5302399999999999,0.10500999999999999,0.33075,2015
Croatia,62,5.7589999999999995,1.08254,0.78805,0.25883,0.0243,0.054439999999999995,2015
Libya,63,5.754,1.13145,0.7038,0.41668,0.11023,0.18295,2015
Russia,64,5.716,1.13764,0.6692600000000001,0.36679,0.03005,0.00199,2015
Jamaica,65,5.709,0.81038,0.6874100000000001,0.50442,0.02299,0.2123,2015
North Cyprus,66,5.695,1.2080600000000001,0.92356,0.49027,0.1428,0.26169000000000003,2015
Cyprus,67,5.689,1.20813,0.92356,0.40671999999999997,0.06146,0.30638000000000004,2015
Algeria,68,5.605,0.93929,0.61766,0.28579,0.17382999999999998,0.07822,2015
Kosovo,69,5.5889999999999995,0.80148,0.63132,0.24749000000000002,0.04741,0.2831,2015
Turkmenistan,70,5.547999999999999,0.95847,0.53886,0.4761,0.30844,0.16979,2015
Mauritius,71,5.477,1.0076100000000001,0.7095,0.56066,0.07521,0.37744,2015
Hong Kong,72,5.474,1.38604,1.01328,0.59608,0.37124,0.39478,2015
Estonia,73,5.428999999999999,1.15174,0.77361,0.44888,0.15184,0.0868,2015
Indonesia,74,5.399,0.8282700000000001,0.63793,0.46611,0.0,0.51535,2015
Vietnam,75,5.36,0.63216,0.7467600000000001,0.59444,0.10440999999999999,0.1686,2015
Turkey,76,5.332000000000001,1.06098,0.73172,0.22815,0.15746,0.12253,2015
Kyrgyzstan,77,5.2860000000000005,0.47428000000000003,0.65088,0.43477,0.042319999999999997,0.3003,2015
Nigeria,78,5.268,0.65435,0.16007000000000002,0.34334000000000003,0.0403,0.27233,2015
Bhutan,79,5.252999999999999,0.77042,0.57407,0.5320600000000001,0.15445,0.47998,2015
Azerbaijan,80,5.212000000000001,1.02389,0.64045,0.3703,0.16065,0.07799,2015
Pakistan,81,5.194,0.59543,0.51466,0.12102,0.10464000000000001,0.33671,2015
Jordan,82,5.192,0.9019799999999999,0.69639,0.40660999999999997,0.14293,0.11052999999999999,2015
Montenegro,82,5.192,0.9743799999999999,0.72521,0.1826,0.14296,0.1614,2015
China,84,5.14,0.89012,0.81658,0.5169699999999999,0.02781,0.08185,2015
Zambia,85,5.129,0.47038,0.29924,0.48827,0.12468,0.19591,2015
Romania,86,5.124,1.04345,0.7689,0.35068,0.006490000000000001,0.13748,2015
Serbia,87,5.122999999999999,0.92053,0.74836,0.20107,0.02617,0.19230999999999998,2015
Portugal,88,5.102,1.15991,0.8751899999999999,0.51469,0.01078,0.13719,2015
Latvia,89,5.098,1.11312,0.72437,0.29671,0.06332,0.18225999999999998,2015
Philippines,90,5.073,0.70532,0.58114,0.62545,0.12279000000000001,0.24991,2015
Somaliland region,91,5.0569999999999995,0.18847,0.43873,0.46581999999999996,0.39928,0.5031800000000001,2015
Morocco,92,5.013,0.7347899999999999,0.60954,0.41691000000000006,0.08546000000000001,0.07172,2015
Macedonia,93,5.007,0.91851,0.73545,0.33457,0.053270000000000005,0.22359,2015
Mozambique,94,4.971,0.08308,0.09131,0.34037,0.15603,0.22269,2015
Albania,95,4.959,0.8786700000000001,0.81325,0.35733000000000004,0.06412999999999999,0.14272,2015
Bosnia and Herzegovina,96,4.949,0.8322299999999999,0.79081,0.09245,0.00227,0.24808000000000002,2015
Lesotho,97,4.898,0.37545,0.07612000000000001,0.31767,0.12504,0.16388,2015
Dominican Republic,98,4.885,0.8953700000000001,0.66825,0.57672,0.14234000000000002,0.21684,2015
Laos,99,4.876,0.5906600000000001,0.54909,0.59591,0.24249,0.42191999999999996,2015
Mongolia,100,4.874,0.82819,0.60268,0.43626000000000004,0.026660000000000003,0.3323,2015
Swaziland,101,4.867,0.71206,0.07566,0.30658,0.0306,0.18259,2015
Greece,102,4.857,1.15406,0.88213,0.07699,0.013969999999999998,0.0,2015
Lebanon,103,4.8389999999999995,1.0256399999999999,0.83947,0.33916,0.04582,0.21854,2015
Hungary,104,4.8,1.12094,0.75905,0.32111999999999996,0.02758,0.128,2015
Honduras,105,4.788,0.59532,0.6951,0.40148,0.06825,0.23026999999999997,2015
Tajikistan,106,4.7860000000000005,0.39047,0.5737899999999999,0.47216,0.15072,0.22974,2015
Tunisia,107,4.739,0.88113,0.73793,0.26268,0.06358,0.06431,2015
Palestinian Territories,108,4.715,0.59867,0.66015,0.24499,0.12905,0.11250999999999999,2015
Bangladesh,109,4.694,0.39753,0.60164,0.4082,0.12569,0.21222,2015
Iran,110,4.686,1.0088,0.69805,0.30033000000000004,0.058629999999999995,0.38086,2015
Ukraine,111,4.681,0.79907,0.6739,0.25123,0.02961,0.15275,2015
Iraq,112,4.677,0.98549,0.60237,0.0,0.13788,0.17922000000000002,2015
South Africa,113,4.6419999999999995,0.9204899999999999,0.27688,0.33207,0.08884,0.11972999999999999,2015
Ghana,114,4.633,0.5455800000000001,0.40131999999999995,0.42341999999999996,0.04355,0.23087,2015
Zimbabwe,115,4.61,0.271,0.33475,0.25861,0.08079,0.18987,2015
Liberia,116,4.571000000000001,0.0712,0.34201,0.28531,0.06232000000000001,0.24361999999999998,2015
India,117,4.565,0.64499,0.5152899999999999,0.39786,0.08492000000000001,0.26475,2015
Sudan,118,4.55,0.52107,0.36878,0.10081,0.1466,0.19062,2015
Haiti,119,4.518,0.26673,0.38847,0.24425,0.17175,0.46187,2015
Congo (Kinshasa),120,4.5169999999999995,0.0,0.09806000000000001,0.22605,0.07625,0.24834,2015
Nepal,121,4.513999999999999,0.35996999999999996,0.5687399999999999,0.38282,0.059070000000000004,0.32295999999999997,2015
Ethiopia,122,4.512,0.19072999999999998,0.44055,0.4345,0.15048,0.24325,2015
Sierra Leone,123,4.507,0.33024000000000003,0.0,0.4084,0.08786000000000001,0.21488000000000002,2015
Mauritania,124,4.436,0.45407,0.35874,0.24231999999999998,0.17461,0.21899999999999997,2015
Kenya,125,4.419,0.36471,0.41435,0.42215,0.05839,0.37542,2015
Djibouti,126,4.369,0.44025,0.36291,0.46074,0.28105,0.18093,2015
Armenia,127,4.35,0.7682100000000001,0.7299,0.19847,0.039,0.07855,2015
Botswana,128,4.332,0.99355,0.047760000000000004,0.49495,0.12474,0.10461,2015
Myanmar,129,4.3069999999999995,0.27108000000000004,0.48246000000000006,0.44017,0.19034,0.79588,2015
Georgia,130,4.297,0.7419,0.72926,0.40576999999999996,0.38331,0.055470000000000005,2015
Malawi,131,4.292,0.016040000000000002,0.22562,0.43054,0.06977,0.33128,2015
Sri Lanka,132,4.271,0.83524,0.70806,0.5372600000000001,0.09179,0.40828000000000003,2015
Cameroon,133,4.252,0.4225,0.23401999999999998,0.49309,0.05786,0.20618000000000003,2015
Bulgaria,134,4.218,1.01216,0.76649,0.30587,0.00872,0.11921,2015
Egypt,135,4.194,0.8818,0.61712,0.17288,0.06324,0.11291,2015
Yemen,136,4.077,0.5464899999999999,0.40064,0.35570999999999997,0.07854,0.09131,2015
Angola,137,4.033,0.75778,0.16683,0.10384000000000002,0.07122,0.12344000000000001,2015
Mali,138,3.995,0.26074,0.20583,0.38856999999999997,0.12352,0.18798,2015
Congo (Brazzaville),139,3.989,0.67866,0.31051,0.41466000000000003,0.11685999999999999,0.12387999999999999,2015
Comoros,140,3.9560000000000004,0.23906,0.36315,0.22916999999999998,0.19899999999999998,0.17440999999999998,2015
Uganda,141,3.931,0.21101999999999999,0.33860999999999997,0.45726999999999995,0.07267,0.29066,2015
Senegal,142,3.904,0.36498,0.4354,0.36772,0.10712999999999999,0.20843000000000003,2015
Gabon,143,3.8960000000000004,1.06024,0.43372,0.31914000000000003,0.11091,0.06822,2015
Niger,144,3.845,0.0694,0.29707,0.47691999999999996,0.15639,0.19387000000000001,2015
Cambodia,145,3.819,0.46038,0.61114,0.66246,0.07247,0.40359,2015
Tanzania,146,3.781,0.2852,0.38215,0.32878,0.05747000000000001,0.34376999999999996,2015
Madagascar,147,3.681,0.20824,0.46721,0.19184,0.08123999999999999,0.21333000000000002,2015
Central African Republic,148,3.678,0.0785,0.06699,0.48878999999999995,0.08288999999999999,0.23835,2015
Chad,149,3.667,0.34193,0.1501,0.23501,0.05269,0.18386,2015
Guinea,150,3.656,0.17417,0.24009,0.37725,0.12139000000000001,0.28657,2015
Ivory Coast,151,3.655,0.46534,0.15185,0.46866,0.17922000000000002,0.20165,2015
Burkina Faso,152,3.5869999999999997,0.25811999999999996,0.27125,0.39493,0.12832000000000002,0.21746999999999997,2015
Afghanistan,153,3.575,0.31982,0.30335,0.23414000000000001,0.09719,0.3651,2015
Rwanda,154,3.465,0.22208000000000003,0.42863999999999997,0.59201,0.55191,0.22628,2015
Benin,155,3.34,0.28665,0.3191,0.4845,0.0801,0.1826,2015
Syria,156,3.0060000000000002,0.6632,0.7219300000000001,0.15684,0.18905999999999998,0.47179,2015
Burundi,157,2.905,0.0153,0.22396,0.1185,0.10062,0.19727,2015
Togo,158,2.839,0.20868,0.28443,0.36453,0.10730999999999999,0.16680999999999999,2015
Denmark,1,7.526,1.4417799999999998,0.79504,0.5794100000000001,0.44453000000000004,0.36171,2016
Switzerland,2,7.5089999999999995,1.5273299999999999,0.86303,0.58557,0.41203,0.28083,2016
Iceland,3,7.501,1.42666,0.8673299999999999,0.56624,0.14975,0.47678000000000004,2016
Norway,4,7.497999999999999,1.57744,0.79579,0.59609,0.35775999999999997,0.37895,2016
Finland,5,7.412999999999999,1.40598,0.81091,0.57104,0.41003999999999996,0.25492,2016
Canada,6,7.404,1.44015,0.8276,0.5737,0.31329,0.44833999999999996,2016
Netherlands,7,7.3389999999999995,1.46468,0.8123100000000001,0.55211,0.29927,0.47416,2016
New Zealand,8,7.334,1.36066,0.83096,0.5814699999999999,0.41903999999999997,0.49401000000000006,2016
Australia,9,7.313,1.4444299999999999,0.8512,0.5683699999999999,0.32331,0.47407,2016
Sweden,10,7.291,1.45181,0.83121,0.58218,0.40867,0.38254,2016
Israel,11,7.267,1.33766,0.8491700000000001,0.36432,0.08728,0.32288,2016
Austria,12,7.119,1.45038,0.80565,0.54355,0.21348000000000003,0.32865,2016
United States,13,7.104,1.50796,0.779,0.48163,0.14868,0.41076999999999997,2016
Costa Rica,14,7.087000000000001,1.06879,0.76146,0.55225,0.10547000000000001,0.22553,2016
Puerto Rico,15,7.039,1.35943,0.77758,0.46823000000000004,0.12275,0.22202,2016
Germany,16,6.994,1.44787,0.81487,0.53466,0.28551,0.30451999999999996,2016
Brazil,17,6.952000000000001,1.08754,0.61415,0.40425,0.14165999999999998,0.15775999999999998,2016
Belgium,18,6.928999999999999,1.42539,0.8195899999999999,0.51354,0.26248,0.2424,2016
Ireland,19,6.907,1.4834100000000001,0.81455,0.54008,0.29754,0.44963000000000003,2016
Luxembourg,20,6.871,1.6975200000000001,0.8454200000000001,0.5487,0.35329,0.27571,2016
Mexico,21,6.778,1.1150799999999998,0.71143,0.37709000000000004,0.18355,0.11735,2016
Singapore,22,6.739,1.64555,0.94719,0.4877,0.46986999999999995,0.32706,2016
United Kingdom,23,6.725,1.40283,0.80991,0.50036,0.27399,0.50156,2016
Chile,24,6.705,1.2167,0.8188300000000001,0.37789,0.11450999999999999,0.31595,2016
Panama,25,6.7010000000000005,1.18306,0.70835,0.48927,0.08423,0.2418,2016
Argentina,26,6.65,1.15137,0.69711,0.42283999999999994,0.07296,0.10989000000000002,2016
Czech Republic,27,6.596,1.30915,0.76376,0.41418,0.03986,0.09929,2016
United Arab Emirates,28,6.5729999999999995,1.57352,0.72993,0.56215,0.35561,0.26591,2016
Uruguay,29,6.545,1.18157,0.72183,0.54388,0.21394000000000002,0.18056,2016
Malta,30,6.4879999999999995,1.30782,0.80315,0.54994,0.17554,0.56237,2016
Colombia,31,6.481,1.0303200000000001,0.59659,0.44735,0.053989999999999996,0.15625999999999998,2016
France,32,6.478,1.39488,0.83795,0.46562,0.17808,0.1216,2016
Thailand,33,6.474,1.0893,0.64915,0.49553,0.02833,0.58696,2016
Saudi Arabia,34,6.379,1.48953,0.59267,0.37904,0.30008,0.15457,2016
Taiwan,34,6.379,1.39729,0.79565,0.32377,0.0663,0.25495,2016
Qatar,36,6.375,1.82427,0.71723,0.56679,0.48049,0.32388,2016
Spain,37,6.361000000000001,1.34253,0.8789600000000001,0.37545,0.06137000000000001,0.17665,2016
Algeria,38,6.355,1.05266,0.6180399999999999,0.21006,0.16157,0.07044,2016
Guatemala,39,6.324,0.83454,0.5403899999999999,0.50379,0.08701,0.28808,2016
Suriname,40,6.269,1.09686,0.5093300000000001,0.5223399999999999,0.12692,0.16665,2016
Kuwait,41,6.239,1.61714,0.63569,0.43166000000000004,0.23669,0.15965,2016
Bahrain,42,6.218,1.44024,0.65696,0.47375,0.25772,0.17147,2016
Trinidad and Tobago,43,6.167999999999999,1.32572,0.52608,0.48453,0.01241,0.31935,2016
Venezuela,44,6.084,1.1336700000000002,0.6190399999999999,0.19847,0.08304,0.0425,2016
Slovakia,45,6.077999999999999,1.27973,0.70367,0.23390999999999998,0.02947,0.13837,2016
El Salvador,46,6.068,0.8737,0.596,0.37269,0.10613,0.08877,2016
Malaysia,47,6.005,1.25142,0.62366,0.39031,0.09081,0.41473999999999994,2016
Nicaragua,48,5.992000000000001,0.69384,0.65213,0.46581999999999996,0.16292,0.29773,2016
Uzbekistan,49,5.987,0.7359100000000001,0.50163,0.60848,0.28333,0.34326,2016
Italy,50,5.977,1.35495,0.8510200000000001,0.18827,0.02556,0.16684000000000002,2016
Ecuador,51,5.976,0.97306,0.68613,0.4027,0.18037,0.10074,2016
Belize,52,5.956,0.87616,0.45569,0.51231,0.10770999999999999,0.23684000000000002,2016
Japan,53,5.921,1.3800700000000001,0.91491,0.46761,0.18985,0.10224,2016
Kazakhstan,54,5.919,1.22943,0.57386,0.4052,0.11132,0.15011,2016
Moldova,55,5.897,0.69177,0.5230899999999999,0.25201999999999997,0.019030000000000002,0.19997,2016
Russia,56,5.856,1.2322799999999998,0.58991,0.32682,0.03586,0.027360000000000002,2016
Poland,57,5.835,1.24585,0.69058,0.4519,0.055,0.14443,2016
South Korea,57,5.835,1.35948,0.88645,0.25168,0.07716,0.18824000000000002,2016
Bolivia,59,5.822,0.79422,0.4697,0.50961,0.07746,0.21698,2016
Lithuania,60,5.813,1.2692,0.64674,0.18929,0.0182,0.02025,2016
Belarus,61,5.8020000000000005,1.1306200000000002,0.6310399999999999,0.29091,0.17457,0.13942000000000002,2016
North Cyprus,62,5.771,1.31141,0.8414200000000001,0.43596,0.16577999999999998,0.26322,2016
Slovenia,63,5.768,1.2994700000000001,0.79151,0.53164,0.03635,0.25738,2016
Peru,64,5.742999999999999,0.9960200000000001,0.6299399999999999,0.37501999999999996,0.05292,0.14527,2016
Turkmenistan,65,5.6579999999999995,1.08017,0.44006000000000006,0.37408,0.28467,0.22566999999999998,2016
Mauritius,66,5.648,1.14372,0.66189,0.46145,0.05202999999999999,0.36951,2016
Libya,67,5.615,1.0668799999999998,0.52304,0.40671999999999997,0.10339000000000001,0.17087,2016
Latvia,68,5.56,1.2178799999999999,0.63952,0.27996,0.0889,0.17445,2016
Cyprus,69,5.546,1.31857,0.8488,0.29507,0.05227999999999999,0.27906,2016
Paraguay,70,5.537999999999999,0.8937299999999999,0.58295,0.46235,0.07396,0.25296,2016
Romania,71,5.528,1.1697,0.67602,0.36712,0.006790000000000001,0.12889,2016
Estonia,72,5.517,1.2796399999999999,0.68098,0.41511000000000003,0.18519000000000002,0.08423,2016
Jamaica,73,5.51,0.89333,0.5946899999999999,0.43596999999999997,0.04294,0.22245,2016
Croatia,74,5.4879999999999995,1.18649,0.70524,0.23906999999999998,0.04002,0.18434,2016
Hong Kong,75,5.457999999999999,1.5107,0.9527700000000001,0.48078999999999994,0.31647,0.40097,2016
Somalia,76,5.44,0.0,0.11465999999999998,0.5677800000000001,0.3118,0.27225,2016
Kosovo,77,5.401,0.90145,0.54,0.14396,0.06547,0.27992,2016
Turkey,78,5.388999999999999,1.1649200000000002,0.64718,0.23889000000000002,0.12347999999999999,0.04707,2016
Indonesia,79,5.314,0.95104,0.49373999999999996,0.39237,0.00322,0.56521,2016
Jordan,80,5.303,0.9967299999999999,0.60712,0.36023,0.13297,0.14262,2016
Azerbaijan,81,5.291,1.12373,0.54504,0.35327,0.17914000000000002,0.0564,2016
Philippines,82,5.279,0.81217,0.47036000000000006,0.5485399999999999,0.11757000000000001,0.21674000000000002,2016
China,83,5.245,1.0278,0.73561,0.44011999999999996,0.02745,0.049589999999999995,2016
Bhutan,84,5.196000000000001,0.8527,0.49759,0.46074,0.1616,0.48546000000000006,2016
Kyrgyzstan,85,5.185,0.5604399999999999,0.5544899999999999,0.40212,0.047619999999999996,0.38432,2016
Serbia,86,5.1770000000000005,1.03437,0.6458,0.15718,0.04339,0.20736999999999997,2016
Bosnia and Herzegovina,87,5.162999999999999,0.9338299999999999,0.7076600000000001,0.09511,0.0,0.29889,2016
Montenegro,88,5.1610000000000005,1.07838,0.6353300000000001,0.15111,0.12721,0.17190999999999998,2016
Dominican Republic,89,5.155,1.02787,0.5766899999999999,0.52259,0.12372000000000001,0.21286,2016
Morocco,90,5.151,0.8405799999999999,0.5947100000000001,0.25645999999999997,0.08404,0.040530000000000004,2016
Hungary,91,5.145,1.24142,0.67608,0.1977,0.044719999999999996,0.099,2016
Pakistan,92,5.132000000000001,0.68816,0.40306,0.14622000000000002,0.1388,0.31185,2016
Lebanon,93,5.129,1.12268,0.76171,0.26228,0.030610000000000002,0.23693000000000003,2016
Portugal,94,5.122999999999999,1.27607,0.7936300000000001,0.44727,0.01521,0.11690999999999999,2016
Macedonia,95,5.121,1.0193,0.6473800000000001,0.27668000000000004,0.07047,0.23506999999999997,2016
Vietnam,96,5.061,0.74037,0.66157,0.5595399999999999,0.11556,0.25075,2016
Somaliland Region,97,5.0569999999999995,0.25558000000000003,0.33108000000000004,0.3913,0.36794,0.51479,2016
Tunisia,98,5.045,0.97724,0.59577,0.23553000000000002,0.0817,0.03936,2016
Greece,99,5.033,1.24886,0.80029,0.05822000000000001,0.04127,0.0,2016
Tajikistan,100,4.996,0.48835,0.5311899999999999,0.43408,0.13509000000000002,0.25998000000000004,2016
Mongolia,101,4.907,0.9885299999999999,0.55469,0.35972,0.03285,0.34539000000000003,2016
Laos,102,4.876,0.68042,0.38291,0.52168,0.22423,0.43078999999999995,2016
Nigeria,103,4.875,0.75216,0.05108,0.27854,0.0305,0.23219,2016
Honduras,104,4.871,0.69429,0.5838300000000001,0.26755,0.06906,0.2044,2016
Iran,105,4.813,1.11758,0.64232,0.22544,0.0557,0.38538,2016
Zambia,106,4.795,0.61202,0.23573000000000002,0.42662,0.11479,0.17865999999999999,2016
Nepal,107,4.793,0.44626000000000005,0.50073,0.37012,0.07007999999999999,0.3816,2016
Palestinian Territories,108,4.754,0.67024,0.56844,0.17744000000000001,0.10613,0.11154000000000001,2016
Albania,109,4.655,0.9553,0.73007,0.31866,0.05301,0.1684,2016
Bangladesh,110,4.643,0.54177,0.52989,0.39778,0.12583,0.19132000000000002,2016
Sierra Leone,111,4.635,0.36485,0.0,0.30685,0.08196,0.23897,2016
Iraq,112,4.575,1.07474,0.51076,0.24856,0.13635999999999998,0.19589,2016
Namibia,113,4.574,0.9328700000000001,0.34745,0.48613999999999996,0.10397999999999999,0.07795,2016
Cameroon,114,4.513,0.5249699999999999,0.12697999999999998,0.42736,0.06126,0.2268,2016
Ethiopia,115,4.508,0.29283000000000003,0.34578000000000003,0.36703,0.1717,0.29522,2016
South Africa,116,4.459,1.02416,0.18611,0.42483000000000004,0.08415,0.13656,2016
Sri Lanka,117,4.415,0.9731799999999999,0.62007,0.50817,0.07964,0.46978000000000003,2016
India,118,4.404,0.74036,0.45091000000000003,0.40285,0.08722,0.25028,2016
Myanmar,119,4.395,0.34112,0.3988,0.42691999999999997,0.20243,0.81971,2016
Egypt,120,4.362,0.95395,0.5211600000000001,0.18847,0.10393,0.12705999999999998,2016
Armenia,121,4.36,0.8608600000000001,0.64083,0.14037,0.036160000000000005,0.07793,2016
Kenya,122,4.356,0.52267,0.30146999999999996,0.40576,0.06686,0.41328000000000004,2016
Ukraine,123,4.324,0.87287,0.58628,0.12859,0.01829,0.20363,2016
Ghana,124,4.276,0.63107,0.29681,0.40973000000000004,0.0326,0.21203000000000002,2016
Congo (Kinshasa),125,4.272,0.05661,0.188,0.15602,0.06075,0.25458000000000003,2016
Georgia,126,4.252,0.8379200000000001,0.64035,0.32461,0.3188,0.06786,2016
Congo (Brazzaville),127,4.236000000000001,0.7710899999999999,0.28212,0.37938,0.09752999999999999,0.12077,2016
Senegal,128,4.218999999999999,0.44314,0.40457,0.31056,0.11681,0.19103,2016
Bulgaria,129,4.217,1.11306,0.67806,0.21219000000000002,0.00615,0.12793,2016
Mauritania,130,4.2010000000000005,0.6139100000000001,0.28639000000000003,0.1268,0.17955,0.22685999999999998,2016
Zimbabwe,131,4.1930000000000005,0.35041,0.1595,0.25429,0.08582000000000001,0.18503,2016
Malawi,132,4.156000000000001,0.08709,0.29364,0.4143,0.07564,0.30968,2016
Sudan,133,4.138999999999999,0.63069,0.29759,0.0,0.10039,0.18077000000000001,2016
Gabon,134,4.121,1.15851,0.3494,0.28098,0.09314,0.062439999999999996,2016
Mali,135,4.073,0.31292,0.16347,0.27544,0.13647,0.21064000000000002,2016
Haiti,136,4.0280000000000005,0.34097,0.27494,0.12072000000000001,0.14476,0.47958,2016
Botswana,137,3.9739999999999998,1.09426,0.34752,0.44088999999999995,0.10769000000000001,0.12425,2016
Comoros,138,3.9560000000000004,0.27509,0.29980999999999997,0.15412,0.18437,0.1827,2016
Ivory Coast,139,3.9160000000000004,0.55507,0.04476,0.40663,0.1553,0.20338,2016
Cambodia,140,3.907,0.55604,0.42494,0.5885199999999999,0.08092,0.40339,2016
Angola,141,3.866,0.84731,0.04991,0.00589,0.08434,0.12070999999999998,2016
Niger,142,3.8560000000000003,0.1327,0.26161999999999996,0.38040999999999997,0.17176,0.2097,2016
South Sudan,143,3.832,0.39394,0.15780999999999998,0.19662000000000002,0.13015,0.25899,2016
Chad,144,3.763,0.42213999999999996,0.038239999999999996,0.12807000000000002,0.04952,0.18667,2016
Burkina Faso,145,3.739,0.31995,0.21297,0.3337,0.12533,0.24353000000000002,2016
Uganda,145,3.739,0.34719,0.19625,0.43653000000000003,0.06442,0.27102,2016
Yemen,147,3.7239999999999998,0.57939,0.31048000000000003,0.2287,0.05892000000000001,0.09821,2016
Madagascar,148,3.695,0.27954,0.37109000000000003,0.13684000000000002,0.07506,0.2204,2016
Tanzania,149,3.6660000000000004,0.47155,0.35700000000000004,0.3176,0.05099,0.31472,2016
Liberia,150,3.622,0.10705999999999999,0.23165,0.25748000000000004,0.04852,0.24063,2016
Guinea,151,3.6069999999999998,0.22415,0.18829,0.30953,0.1192,0.29914,2016
Rwanda,152,3.515,0.32846,0.31865,0.5432,0.50521,0.23551999999999998,2016
Benin,153,3.484,0.39499,0.21028000000000002,0.39747,0.06681000000000001,0.2018,2016
Afghanistan,154,3.36,0.38227,0.17344,0.1643,0.07112,0.31268,2016
Togo,155,3.303,0.28123000000000004,0.24811,0.34678000000000003,0.11587,0.17517,2016
Syria,156,3.069,0.7471899999999999,0.6299399999999999,0.06912,0.17232999999999998,0.48396999999999996,2016
Burundi,157,2.905,0.06831,0.15747,0.0432,0.09419,0.2029,2016
Norway,1,7.537000179290769,1.6164631843566901,0.796666502952576,0.635422587394714,0.31596383452415505,0.36201223731041,2017
Denmark,2,7.52199983596802,1.48238301277161,0.7925655245780941,0.626006722450256,0.40077006816863997,0.3552804887294771,2017
Iceland,3,7.50400018692017,1.480633020401,0.8335521221160892,0.6271626353263849,0.15352655947208402,0.47554022073745705,2017
Switzerland,4,7.49399995803833,1.5649795532226598,0.858131289482117,0.620070576667786,0.36700728535652205,0.29054927825927696,2017
Finland,5,7.468999862670901,1.44357192516327,0.80915766954422,0.6179508566856379,0.38261154294014,0.24548277258873,2017
Netherlands,6,7.3769998550415,1.50394463539124,0.8106961250305179,0.5853844881057739,0.282661825418472,0.47048982977867104,2017
Canada,7,7.31599998474121,1.47920441627502,0.83455765247345,0.611100912094116,0.287371516227722,0.435539722442627,2017
New Zealand,8,7.31400012969971,1.40570604801178,0.816759705543518,0.6140621304512021,0.38281670212745705,0.500005125999451,2017
Sweden,9,7.28399991989136,1.49438726902008,0.830875158309937,0.612924098968506,0.384398728609085,0.38539925217628496,2017
Australia,10,7.28399991989136,1.4844149351120002,0.84388679265976,0.601607382297516,0.301183730363846,0.47769924998283403,2017
Israel,11,7.212999820709231,1.3753824234008798,0.83840399980545,0.40598860383033797,0.0852421000599861,0.330082654953003,2017
Costa Rica,12,7.0789999961853,1.10970628261566,0.7595092654228209,0.580131649971008,0.100106589496136,0.21461322903633104,2017
Austria,13,7.00600004196167,1.4870972633361799,0.8153284192085269,0.567766189575195,0.22106036543846105,0.316472321748734,2017
United States,14,6.993000030517581,1.54625928401947,0.7742866277694699,0.505740523338318,0.135638788342476,0.392578780651093,2017
Ireland,15,6.9770002365112305,1.5357066392898602,0.8097826242446899,0.5731103420257571,0.29838815331459007,0.42785832285881,2017
Germany,16,6.9510002136230495,1.48792338371277,0.798950731754303,0.562511384487152,0.276731938123703,0.33626917004585305,2017
Belgium,17,6.89099979400635,1.4637807607650801,0.8180918693542479,0.5397707223892211,0.251343131065369,0.23150333762168898,2017
Luxembourg,18,6.86299991607666,1.74194359779358,0.845089495182037,0.59662789106369,0.31883442401886,0.283180981874466,2017
United Kingdom,19,6.71400022506714,1.44163393974304,0.805335938930511,0.508190035820007,0.265428066253662,0.492774158716202,2017
Chile,20,6.65199995040894,1.25278460979462,0.8194797039031979,0.376895278692245,0.0822879821062088,0.3266624212265011,2017
United Arab Emirates,21,6.6479997634887695,1.6263433694839498,0.726798236370087,0.60834527015686,0.324489563703537,0.3609419465065,2017
Brazil,22,6.6350002288818395,1.1073532104492199,0.6165523529052729,0.437453746795654,0.11109276115894301,0.16234989464282998,2017
Czech Republic,23,6.60900020599365,1.35268235206604,0.754444003105164,0.49094617366790794,0.0368729270994663,0.0881067588925362,2017
Argentina,24,6.59899997711182,1.18529546260834,0.695137083530426,0.49451920390129106,0.05973988771438599,0.109457060694695,2017
Mexico,25,6.57800006866455,1.1531838178634601,0.709978997707367,0.412730008363724,0.132774114608765,0.12099043279886199,2017
Singapore,26,6.57200002670288,1.69227766990662,0.9494923949241642,0.549840569496155,0.46430778503417997,0.345965981483459,2017
Malta,27,6.52699995040894,1.34327983856201,0.821944236755371,0.588767051696777,0.153066068887711,0.5747305750846861,2017
Uruguay,28,6.4539999961853,1.2175596952438401,0.719216823577881,0.5793922543525699,0.17806187272071802,0.175096929073334,2017
Guatemala,29,6.4539999961853,0.872001945972443,0.540239989757538,0.5313106179237371,0.0772232785820961,0.283488392829895,2017
Panama,30,6.4520001411438,1.23374843597412,0.706156134605408,0.550026834011078,0.070983923971653,0.21055693924427,2017
France,31,6.44199991226196,1.43092346191406,0.8444658517837521,0.470222115516663,0.172502428293228,0.129762306809425,2017
Thailand,32,6.4239997863769505,1.12786877155304,0.647239029407501,0.580200731754303,0.0316127352416515,0.572123110294342,2017
Taiwan Province of China,33,6.42199993133545,1.4336265325546298,0.793984234333038,0.361466586589813,0.0638292357325554,0.258360475301743,2017
Spain,34,6.40299987792969,1.38439786434174,0.888960599899292,0.408781230449677,0.0709140971302986,0.190133571624756,2017
Qatar,35,6.375,1.8707656860351598,0.7100980877876278,0.604130983352661,0.43929925560951205,0.33047387003898604,2017
Colombia,36,6.35699987411499,1.07062232494354,0.595027923583984,0.47748741507530196,0.0466687418520451,0.14901447296142598,2017
Saudi Arabia,37,6.343999862670901,1.53062355518341,0.590148329734802,0.449750572443008,0.27343225479126004,0.147616013884544,2017
Trinidad and Tobago,38,6.1680002212524405,1.36135590076447,0.5199832916259771,0.518630743026733,0.00896481610834599,0.32529646158218395,2017
Kuwait,39,6.10500001907349,1.63295245170593,0.6321057081222529,0.49633759260177596,0.21515955030918102,0.228289797902107,2017
Slovakia,40,6.09800004959106,1.32539355754852,0.712732911109924,0.295817464590073,0.0242108516395092,0.136544480919838,2017
Bahrain,41,6.08699989318848,1.4884122610092199,0.653133034706116,0.536746919155121,0.257042169570923,0.17266848683357197,2017
Malaysia,42,6.08400011062622,1.29121541976929,0.618784427642822,0.40226498246192893,0.0656007081270218,0.416608929634094,2017
Nicaragua,43,6.07100009918213,0.737299203872681,0.6530959606170649,0.447551846504211,0.130687981843948,0.301674216985703,2017
Ecuador,44,6.00799989700317,1.00082039833069,0.685636222362518,0.4551981985569,0.140134647488594,0.15011246502399403,2017
El Salvador,45,6.002999782562259,0.9097844958305359,0.596018552780151,0.432452529668808,0.0899809598922729,0.0782579854130745,2017
Poland,46,5.97300004959106,1.29178786277771,0.699475347995758,0.520342111587524,0.0593078061938286,0.158465966582298,2017
Uzbekistan,47,5.97100019454956,0.786441087722778,0.498272627592087,0.6582486629486078,0.246528223156929,0.41598364710807795,2017
Italy,48,5.96400022506714,1.3950666189193701,0.8531443476676941,0.256450712680817,0.0280280914157629,0.17278964817523998,2017
Russia,49,5.962999820709231,1.28177809715271,0.547349333763123,0.373783111572266,0.0329628810286522,0.0522638224065304,2017
Belize,50,5.955999851226809,0.907975316047668,0.45019176602363603,0.5475093722343439,0.0965810716152191,0.24001564085483604,2017
Japan,51,5.92000007629395,1.41691517829895,0.9134758710861209,0.505625545978546,0.163760736584663,0.12057276815175999,2017
Lithuania,52,5.90199995040894,1.3145823478698702,0.62894994020462,0.234231784939766,0.0118656428530812,0.010164656676352,2017
Algeria,53,5.872000217437741,1.09186446666718,0.6175846457481379,0.233335807919502,0.14609611034393302,0.0694366469979286,2017
Latvia,54,5.849999904632571,1.26074862480164,0.638566970825195,0.32570791244506797,0.0738427266478539,0.153074786067009,2017
South Korea,55,5.837999820709231,1.40167844295502,0.900214076042175,0.257921665906906,0.0632826685905457,0.206674367189407,2017
Moldova,56,5.837999820709231,0.7288706302642819,0.5894652009010309,0.24072904884815197,0.0100912861526012,0.20877912640571603,2017
Romania,57,5.824999809265139,1.21768391132355,0.6851583123207089,0.457003742456436,0.0043879006989300294,0.133519917726517,2017
Bolivia,58,5.82299995422363,0.833756566047668,0.47363024950027505,0.5587329268455511,0.0604777261614799,0.22556072473526,2017
Turkmenistan,59,5.82200002670288,1.1307767629623402,0.437726080417633,0.41827192902565,0.25927034020423895,0.24992498755454998,2017
Kazakhstan,60,5.8189997673034695,1.2845562696456898,0.6060415506362921,0.43745428323745705,0.11928288638591802,0.20196442306041698,2017
North Cyprus,61,5.80999994277954,1.3469113111496,0.834647238254547,0.47120362520217896,0.155353352427483,0.266845703125,2017
Slovenia,62,5.75799989700317,1.3412059545516999,0.7908282279968258,0.572575807571411,0.0451289787888527,0.242649093270302,2017
Peru,63,5.71500015258789,1.0352252721786501,0.6301661133766171,0.45000287890434293,0.0470490865409374,0.126819714903831,2017
Mauritius,64,5.62900018692017,1.1893955469131499,0.6380074620246889,0.491247326135635,0.0421815551817417,0.360933750867844,2017
Cyprus,65,5.62099981307983,1.3559380769729599,0.84471470117569,0.35511153936386103,0.0412379764020443,0.271254301071167,2017
Estonia,66,5.61100006103516,1.3208793401718102,0.695168316364288,0.479131430387497,0.18324892222881303,0.0988908112049103,2017
Belarus,67,5.5689997673034695,1.15655755996704,0.6377142667770389,0.295400261878967,0.156313821673393,0.15513750910759,2017
Libya,68,5.525000095367429,1.1018030643463101,0.520169019699097,0.465733230113983,0.0926102101802826,0.15207366645336198,2017
Turkey,69,5.5,1.1982743740081798,0.6376056075096129,0.300740599632263,0.0996715798974037,0.0466930419206619,2017
Paraguay,70,5.493000030517581,0.932537317276001,0.579250693321228,0.473507791757584,0.091065913438797,0.224150657653809,2017
"Hong Kong S.A.R., China",71,5.47200012207031,1.55167484283447,0.943062424659729,0.490968644618988,0.29393374919891396,0.374465793371201,2017
Philippines,72,5.42999982833862,0.85769921541214,0.46800905466079706,0.585214674472809,0.0993318930268288,0.193513423204422,2017
Serbia,73,5.39499998092651,1.06931757926941,0.65078467130661,0.20871552824974102,0.0409037806093693,0.22012588381767298,2017
Jordan,74,5.33599996566772,0.9910123944282528,0.6045900583267211,0.418421149253845,0.11980327218771002,0.17217046022415197,2017
Hungary,75,5.32399988174438,1.2860119342803997,0.6877634525299069,0.17586351931095098,0.0366369374096394,0.0784016624093056,2017
Jamaica,76,5.31099987030029,0.925579309463501,0.6410223841667181,0.474307239055634,0.0552677810192108,0.23381833732128102,2017
Croatia,77,5.2930002212524405,1.22255623340607,0.701288521289825,0.255772292613983,0.0431031100451946,0.248002976179123,2017
Kosovo,78,5.27899980545044,0.951484382152557,0.541452050209045,0.260287940502167,0.0574716180562973,0.319931447505951,2017
China,79,5.2729997634887695,1.08116579055786,0.741415500640869,0.47278770804405196,0.0227942746132612,0.0288068410009146,2017
Pakistan,80,5.26900005340576,0.7268835306167599,0.40204778313636796,0.23521526157856,0.12434806674718901,0.31544601917266807,2017
Indonesia,81,5.26200008392334,0.995538592338562,0.49234572052955605,0.443323463201523,0.0153171354904771,0.611704587936401,2017
Venezuela,82,5.25,1.12843120098114,0.617144227027893,0.15399712324142498,0.0644911229610443,0.0650196298956871,2017
Montenegro,83,5.23699998855591,1.12112903594971,0.6674646735191351,0.194989055395126,0.0881741940975189,0.197911024093628,2017
Morocco,84,5.2350001335144,0.8781145811080929,0.59771066904068,0.408158332109451,0.0877631828188896,0.0322099551558495,2017
Azerbaijan,85,5.234000205993651,1.1536017656326298,0.5407757759094239,0.39815583825111406,0.180987507104874,0.0452693402767181,2017
Dominican Republic,86,5.230000019073491,1.07937383651733,0.574873745441437,0.55258983373642,0.113945253193378,0.186967849731445,2017
Greece,87,5.2270002365112305,1.28948748111725,0.8101989030838009,0.0957312509417534,0.043289776891470004,0.0,2017
Lebanon,88,5.22499990463257,1.07498753070831,0.7350810766220089,0.28851598501205394,0.037513829767704,0.26445075869560203,2017
Portugal,89,5.19500017166138,1.3151752948761002,0.795843541622162,0.498465299606323,0.0158694516867399,0.0951027125120163,2017
Bosnia and Herzegovina,90,5.18200016021729,0.982409417629242,0.705186307430267,0.204403176903725,0.0,0.328867495059967,2017
Honduras,91,5.1810002326965305,0.730573117733002,0.582569479942322,0.348079860210419,0.0733454525470734,0.23618887364864302,2017
Macedonia,92,5.175000190734861,1.06457793712616,0.644948184490204,0.325905978679657,0.0602777935564518,0.25376096367836,2017
Somalia,93,5.151000022888179,0.0226431842893362,0.11398913711309401,0.602126955986023,0.28241032361984303,0.291631311178207,2017
Vietnam,94,5.07399988174438,0.7885475754737851,0.6521689891815191,0.571055591106415,0.0876332372426987,0.23496805131435397,2017
Nigeria,95,5.07399988174438,0.783756256103516,0.0569157302379608,0.394952565431595,0.0261215660721064,0.23094719648361198,2017
Tajikistan,96,5.04099988937378,0.524713635444641,0.5292351245880129,0.47156670689582797,0.14637714624404902,0.24899764358997303,2017
Bhutan,97,5.01100015640259,0.885416388511658,0.495879292488098,0.5015376806259161,0.17338038980960802,0.474054545164108,2017
Kyrgyzstan,98,5.0040001869201705,0.5962200760841371,0.553457796573639,0.454943388700485,0.0394391790032387,0.42858037352562,2017
Nepal,99,4.961999893188481,0.479820191860199,0.504130780696869,0.44030594825744607,0.0729755461215973,0.39409616589546204,2017
Mongolia,100,4.95499992370605,1.0272358655929599,0.557783484458923,0.39414396882057207,0.0329022891819477,0.338464230298996,2017
South Africa,101,4.8289999961853,1.05469870567322,0.18708007037639604,0.479246735572815,0.0725094974040985,0.13936237990856198,2017
Tunisia,102,4.80499982833862,1.00726580619812,0.613212049007416,0.289680689573288,0.0867231488227844,0.0496933571994305,2017
Palestinian Territories,103,4.77500009536743,0.716249227523804,0.565666973590851,0.25471106171608,0.0892826020717621,0.114173173904419,2017
Egypt,104,4.7350001335144,0.989701807498932,0.520187258720398,0.28211015462875394,0.114381365478039,0.128631442785263,2017
Bulgaria,105,4.71400022506714,1.1614590883255,0.708217680454254,0.28923171758651695,0.0110515309497714,0.113177694380283,2017
Sierra Leone,106,4.70900011062622,0.36842092871666,0.005564753897488121,0.318697690963745,0.0710951760411263,0.293040901422501,2017
Cameroon,107,4.69500017166138,0.564305365085602,0.132892116904259,0.430388748645782,0.0513066314160824,0.23629845678806302,2017
Iran,108,4.69199991226196,1.15687310695648,0.639333188533783,0.24932260811328896,0.048761073499918005,0.387242913246155,2017
Albania,109,4.64400005340576,0.996192753314972,0.731159746646881,0.381498634815216,0.0398642159998417,0.20131294429302202,2017
Bangladesh,110,4.60799980163574,0.586682975292206,0.533241033554077,0.478356659412384,0.123717859387398,0.17225535213947304,2017
Namibia,111,4.57399988174438,0.964434325695038,0.33861181139946,0.520303547382355,0.0931469723582268,0.0771337449550629,2017
Kenya,112,4.55299997329712,0.560479462146759,0.30998834967613204,0.45276376605033897,0.0646413192152977,0.444860309362411,2017
Mozambique,113,4.550000190734861,0.23430564999580397,0.10665443539619399,0.48079109191894503,0.17943638563156103,0.322228103876114,2017
Myanmar,114,4.54500007629395,0.36711055040359497,0.397522568702698,0.514492034912109,0.188816204667091,0.8380751609802249,2017
Senegal,115,4.53499984741211,0.479309022426605,0.409362852573395,0.37792226672172496,0.11546044796705199,0.183468893170357,2017
Zambia,116,4.513999938964839,0.6364067792892459,0.25783589482307395,0.461603492498398,0.0782135501503944,0.249580144882202,2017
Iraq,117,4.49700021743774,1.1027104854583702,0.501180469989777,0.288555532693863,0.10721575468778599,0.19963726401329,2017
Gabon,118,4.46500015258789,1.1982102394104,0.35657858848571794,0.31232857704162603,0.0760467872023582,0.0437853783369064,2017
Ethiopia,119,4.46000003814697,0.339233845472336,0.35340970754623396,0.408842742443085,0.16545571386814098,0.31265074014663696,2017
Sri Lanka,120,4.44000005722046,1.00985014438629,0.625130832195282,0.561213254928589,0.0736539661884308,0.49086356163024897,2017
Armenia,121,4.37599992752075,0.900596737861633,0.637524425983429,0.198303267359734,0.0266744215041399,0.0834880918264389,2017
India,122,4.31500005722046,0.7922212481498722,0.455427616834641,0.469987004995346,0.0922268852591515,0.23153848946094502,2017
Mauritania,123,4.29199981689453,0.6484572887420649,0.285349279642105,0.0960980430245399,0.136957004666328,0.201870024204254,2017
Congo (Brazzaville),124,4.29099988937378,0.8089642524719242,0.28995743393898,0.4350258708000179,0.0796181336045265,0.12085212767124198,2017
Georgia,125,4.28599977493286,0.950612664222717,0.649546980857849,0.309410035610199,0.25166663527488703,0.0540088154375553,2017
Congo (Kinshasa),126,4.2800002098083505,0.0921023488044739,0.191407024860382,0.235961347818375,0.0602413564920425,0.246455833315849,2017
Mali,127,4.19000005722046,0.476180493831635,0.16936567425727803,0.306613743305206,0.10497024655342098,0.183354198932648,2017
Ivory Coast,128,4.17999982833862,0.6030489206314089,0.0486421696841717,0.4477061927318571,0.130061775445938,0.201237469911575,2017
Cambodia,129,4.1680002212524405,0.6017650961875921,0.429783403873444,0.633375823497772,0.0681059509515762,0.385922968387604,2017
Sudan,130,4.138999938964839,0.6595166921615601,0.290920823812485,0.0149958552792668,0.089847519993782,0.182317450642586,2017
Ghana,131,4.11999988555908,0.667224824428558,0.29563772678375205,0.423026293516159,0.0253363698720932,0.25692394375801103,2017
Ukraine,132,4.09600019454956,0.89465194940567,0.575903952121735,0.12297477573156401,0.0230294708162546,0.270061463117599,2017
Uganda,133,4.08099985122681,0.381430715322495,0.21763260662555703,0.443185955286026,0.057069718837738,0.32576605677604703,2017
Burkina Faso,134,4.03200006484985,0.35022771358490007,0.21584425866603896,0.32436785101890603,0.12032810598611803,0.250864684581757,2017
Niger,135,4.02799987792969,0.16192533075809498,0.26850500702858,0.36365869641304,0.13857294619083402,0.22867384552955602,2017
Malawi,136,3.97000002861023,0.233442038297653,0.315089583396912,0.466914653778076,0.0727116540074348,0.28717046976089505,2017
Chad,137,3.9360001087188703,0.43801298737525896,0.0411347150802612,0.16234202682972002,0.0535818822681904,0.21611385047435802,2017
Zimbabwe,138,3.875,0.37584653496742204,0.19676375389099102,0.336384207010269,0.0953753814101219,0.189143493771553,2017
Lesotho,139,3.80800008773804,0.521021246910095,0.0,0.390661299228668,0.119094640016556,0.157497271895409,2017
Angola,140,3.79500007629395,0.8584281802177429,0.0498686656355858,0.0,0.0697203353047371,0.09792649000883098,2017
Afghanistan,141,3.7939999103546103,0.401477217674255,0.18074677884578697,0.106179520487785,0.0611578300595284,0.311870932579041,2017
Botswana,142,3.7660000324249303,1.12209415435791,0.34175550937652605,0.505196332931519,0.0985831990838051,0.0993484482169151,2017
Benin,143,3.65700006484985,0.43108540773391707,0.20993021130561804,0.42596277594566295,0.0609290152788162,0.207948461174965,2017
Madagascar,144,3.64400005340576,0.305808693170547,0.375223308801651,0.18919676542282102,0.0672319754958153,0.208732530474663,2017
Haiti,145,3.6029999256133998,0.368610262870789,0.277321130037308,0.0303698573261499,0.0998721495270729,0.48920378088951094,2017
Yemen,146,3.59299993515015,0.5916834473609921,0.310080915689468,0.24946372210979503,0.0567674227058887,0.104125209152699,2017
South Sudan,147,3.5910000801086404,0.39724862575531,0.163486003875732,0.147062435746193,0.116793513298035,0.285670816898346,2017
Liberia,148,3.5329999923706095,0.11904179304838199,0.229918196797371,0.33288118243217496,0.0389482490718365,0.26654988527298,2017
Guinea,149,3.50699996948242,0.24454993009567302,0.194129139184952,0.348587512969971,0.110937617719173,0.264815092086792,2017
Togo,150,3.4949998855590803,0.30544471740722695,0.247105568647385,0.38042613863945,0.0956650152802467,0.19689615070819896,2017
Rwanda,151,3.47099995613098,0.368745893239975,0.326424807310104,0.5818438529968261,0.455220013856888,0.25275602936744695,2017
Syria,152,3.46199989318848,0.777153134346008,0.5005333423614501,0.0815394446253777,0.15134713053703303,0.49366372823715204,2017
Tanzania,153,3.34899997711182,0.511135876178741,0.364509284496307,0.390017777681351,0.0660351067781448,0.354256361722946,2017
Burundi,154,2.90499997138977,0.09162256866693501,0.151610791683197,0.0599007532000542,0.0841479450464249,0.20443518459796897,2017
Central African Republic,155,2.69300007820129,0.0,0.0187726859003305,0.270842045545578,0.0565650761127472,0.280876487493515,2017
Finland,1,7.632000000000001,1.305,0.8740000000000001,0.6809999999999999,0.39299999999999996,0.20199999999999999,2018
Norway,2,7.593999999999999,1.456,0.861,0.6859999999999999,0.34,0.28600000000000003,2018
Denmark,3,7.555,1.351,0.868,0.6829999999999999,0.408,0.284,2018
Iceland,4,7.495,1.3430000000000002,0.914,0.677,0.138,0.353,2018
Switzerland,5,7.487,1.42,0.927,0.66,0.35700000000000004,0.256,2018
Netherlands,6,7.441,1.361,0.878,0.638,0.295,0.33299999999999996,2018
Canada,7,7.327999999999999,1.33,0.8959999999999999,0.653,0.29100000000000004,0.321,2018
New Zealand,8,7.324,1.268,0.8759999999999999,0.669,0.389,0.365,2018
Sweden,9,7.314,1.355,0.9129999999999999,0.659,0.38299999999999995,0.285,2018
Australia,10,7.272,1.34,0.91,0.647,0.302,0.361,2018
United Kingdom,11,7.19,1.244,0.888,0.46399999999999997,0.08199999999999999,0.262,2018
Austria,12,7.138999999999999,1.341,0.8909999999999999,0.617,0.22399999999999998,0.242,2018
Costa Rica,13,7.072,1.01,0.8170000000000001,0.632,0.10099999999999999,0.14300000000000002,2018
Ireland,14,6.977,1.4480000000000002,0.8759999999999999,0.614,0.306,0.307,2018
Germany,15,6.965,1.34,0.861,0.586,0.28,0.273,2018
Belgium,16,6.9270000000000005,1.324,0.894,0.583,0.24,0.188,2018
Luxembourg,17,6.91,1.5759999999999998,0.8959999999999999,0.632,0.321,0.196,2018
United States,18,6.886,1.3980000000000001,0.8190000000000001,0.547,0.133,0.29100000000000004,2018
Israel,19,6.814,1.301,0.883,0.5329999999999999,0.272,0.354,2018
Czech Republic,21,6.711,1.2329999999999999,0.8540000000000001,0.5429999999999999,0.034,0.064,2018
Malta,22,6.627000000000001,1.27,0.884,0.645,0.142,0.376,2018
France,23,6.489,1.2930000000000001,0.9079999999999999,0.52,0.17600000000000002,0.098,2018
Mexico,24,6.4879999999999995,1.038,0.7609999999999999,0.479,0.095,0.069,2018
Chile,25,6.476,1.131,0.8079999999999999,0.431,0.061,0.19699999999999998,2018
Taiwan,26,6.441,1.365,0.857,0.418,0.078,0.151,2018
Panama,27,6.43,1.112,0.759,0.597,0.063,0.125,2018
Brazil,28,6.419,0.986,0.675,0.493,0.08800000000000001,0.11,2018
Argentina,29,6.388,1.073,0.7440000000000001,0.57,0.054000000000000006,0.062,2018
Guatemala,30,6.382000000000001,0.7809999999999999,0.608,0.604,0.071,0.179,2018
Uruguay,31,6.379,1.093,0.7709999999999999,0.625,0.155,0.13,2018
Qatar,32,6.374,1.649,0.748,0.654,0.171,0.256,2018
Saudi Arabia,33,6.371,1.379,0.633,0.509,0.127,0.098,2018
Singapore,34,6.343,1.5290000000000001,1.008,0.631,0.457,0.261,2018
Malaysia,35,6.322,1.161,0.669,0.35600000000000004,0.059000000000000004,0.311,2018
Spain,36,6.31,1.251,0.965,0.449,0.07400000000000001,0.142,2018
Colombia,37,6.26,0.96,0.635,0.531,0.039,0.099,2018
Trinidad & Tobago,38,6.192,1.2229999999999999,0.564,0.575,0.019,0.171,2018
Slovakia,39,6.172999999999999,1.21,0.7759999999999999,0.354,0.013999999999999999,0.11800000000000001,2018
El Salvador,40,6.167000000000001,0.8059999999999999,0.639,0.461,0.08199999999999999,0.065,2018
Nicaragua,41,6.141,0.6679999999999999,0.7,0.527,0.128,0.20800000000000002,2018
Poland,42,6.122999999999999,1.176,0.7809999999999999,0.546,0.064,0.10800000000000001,2018
Bahrain,43,6.105,1.338,0.698,0.594,0.12300000000000001,0.243,2018
Uzbekistan,44,6.096,0.7190000000000001,0.605,0.7240000000000001,0.259,0.32799999999999996,2018
Kuwait,45,6.082999999999999,1.474,0.675,0.5539999999999999,0.106,0.16699999999999998,2018
Thailand,46,6.072,1.016,0.7070000000000001,0.637,0.028999999999999998,0.364,2018
Italy,47,6.0,1.264,0.946,0.281,0.027999999999999997,0.13699999999999998,2018
Ecuador,48,5.973,0.889,0.736,0.556,0.12,0.114,2018
Belize,49,5.956,0.807,0.474,0.593,0.08900000000000001,0.183,2018
Lithuania,50,5.952000000000001,1.197,0.716,0.35,0.006,0.026000000000000002,2018
Slovenia,51,5.9479999999999995,1.219,0.856,0.633,0.051,0.16,2018
Romania,52,5.945,1.1159999999999999,0.726,0.528,0.001,0.08800000000000001,2018
Latvia,53,5.933,1.148,0.6709999999999999,0.363,0.066,0.092,2018
Japan,54,5.915,1.294,0.988,0.5529999999999999,0.15,0.079,2018
Mauritius,55,5.891,1.09,0.684,0.584,0.05,0.245,2018
Jamaica,56,5.89,0.8190000000000001,0.693,0.575,0.031,0.096,2018
South Korea,57,5.875,1.266,0.955,0.244,0.051,0.175,2018
Northern Cyprus,58,5.835,1.229,0.909,0.495,0.154,0.179,2018
Russia,59,5.81,1.151,0.599,0.39899999999999997,0.025,0.065,2018
Kazakhstan,60,5.79,1.143,0.631,0.45399999999999996,0.121,0.14800000000000002,2018
Cyprus,61,5.7620000000000005,1.229,0.909,0.423,0.035,0.20199999999999999,2018
Bolivia,62,5.752000000000001,0.7509999999999999,0.508,0.606,0.054000000000000006,0.141,2018
Estonia,63,5.739,1.2,0.737,0.5529999999999999,0.174,0.086,2018
Paraguay,64,5.681,0.835,0.615,0.541,0.07400000000000001,0.162,2018
Peru,65,5.662999999999999,0.934,0.674,0.53,0.034,0.092,2018
Kosovo,66,5.662000000000001,0.855,0.578,0.44799999999999995,0.023,0.27399999999999997,2018
Moldova,67,5.64,0.657,0.62,0.23199999999999998,0.0,0.171,2018
Turkmenistan,68,5.636,1.016,0.517,0.41700000000000004,0.037000000000000005,0.19899999999999998,2018
Hungary,69,5.62,1.171,0.732,0.259,0.022000000000000002,0.061,2018
Libya,70,5.566,0.985,0.5529999999999999,0.496,0.14800000000000002,0.11599999999999999,2018
Philippines,71,5.524,0.775,0.513,0.643,0.105,0.12,2018
Honduras,72,5.504,0.62,0.622,0.45899999999999996,0.07400000000000001,0.19699999999999998,2018
Belarus,73,5.483,1.0390000000000001,0.7,0.307,0.154,0.10099999999999999,2018
Turkey,74,5.483,1.148,0.6859999999999999,0.324,0.109,0.106,2018
Pakistan,75,5.472,0.652,0.424,0.33399999999999996,0.113,0.21600000000000003,2018
Hong Kong,76,5.43,1.405,1.03,0.524,0.29100000000000004,0.24600000000000002,2018
Portugal,77,5.41,1.188,0.884,0.562,0.017,0.055,2018
Serbia,78,5.398,0.975,0.685,0.28800000000000003,0.043,0.134,2018
Greece,79,5.358,1.1540000000000001,0.879,0.131,0.044000000000000004,0.0,2018
Lebanon,80,5.358,0.965,0.785,0.503,0.136,0.214,2018
Montenegro,81,5.347,1.0170000000000001,0.7290000000000001,0.259,0.081,0.111,2018
Croatia,82,5.321000000000001,1.115,0.737,0.38,0.039,0.12,2018
Dominican Republic,83,5.3020000000000005,0.982,0.614,0.578,0.106,0.12,2018
Algeria,84,5.295,0.9790000000000001,0.687,0.077,0.135,0.055,2018
Morocco,85,5.254,0.779,0.669,0.46,0.07400000000000001,0.026000000000000002,2018
China,86,5.246,0.9890000000000001,0.799,0.597,0.10300000000000001,0.028999999999999998,2018
Azerbaijan,87,5.2010000000000005,1.024,0.603,0.43,0.17600000000000002,0.031,2018
Tajikistan,88,5.199,0.474,0.598,0.292,0.034,0.187,2018
Macedonia,89,5.185,0.9590000000000001,0.691,0.39399999999999996,0.052000000000000005,0.17300000000000001,2018
Jordan,90,5.1610000000000005,0.8220000000000001,0.645,0.46799999999999997,0.134,0.13,2018
Nigeria,91,5.155,0.6890000000000001,0.048,0.462,0.032,0.201,2018
Kyrgyzstan,92,5.131,0.53,0.594,0.54,0.035,0.281,2018
Bosnia and Herzegovina,93,5.129,0.915,0.758,0.28,0.0,0.21600000000000003,2018
Mongolia,94,5.125,0.914,0.575,0.395,0.032,0.253,2018
Vietnam,95,5.103,0.715,0.7020000000000001,0.618,0.079,0.177,2018
Indonesia,96,5.093,0.899,0.522,0.5379999999999999,0.018000000000000002,0.484,2018
Bhutan,97,5.082,0.7959999999999999,0.527,0.541,0.171,0.364,2018
Somalia,98,4.982,0.0,0.115,0.674,0.282,0.23800000000000002,2018
Cameroon,99,4.975,0.535,0.182,0.45399999999999996,0.043,0.183,2018
Bulgaria,100,4.933,1.054,0.7120000000000001,0.359,0.009000000000000001,0.064,2018
Nepal,101,4.88,0.425,0.539,0.526,0.078,0.302,2018
Venezuela,102,4.806,0.996,0.657,0.133,0.052000000000000005,0.055999999999999994,2018
Gabon,103,4.758,1.036,0.40399999999999997,0.35600000000000004,0.052000000000000005,0.032,2018
Palestinian Territories,104,4.743,0.642,0.602,0.266,0.076,0.086,2018
South Africa,105,4.724,0.94,0.33,0.516,0.055999999999999994,0.10300000000000001,2018
Iran,106,4.707,1.0590000000000002,0.691,0.45899999999999996,0.129,0.282,2018
Ivory Coast,107,4.671,0.541,0.08,0.467,0.10300000000000001,0.146,2018
Ghana,108,4.657,0.5920000000000001,0.337,0.499,0.028999999999999998,0.212,2018
Senegal,109,4.631,0.429,0.433,0.406,0.08199999999999999,0.138,2018
Laos,110,4.623,0.72,0.441,0.626,0.174,0.23,2018
Tunisia,111,4.592,0.9,0.69,0.271,0.063,0.04,2018
Albania,112,4.586,0.9159999999999999,0.79,0.419,0.032,0.149,2018
Sierra Leone,113,4.571000000000001,0.256,0.0,0.355,0.053,0.23800000000000002,2018
Congo (Brazzaville),114,4.559,0.682,0.34299999999999997,0.514,0.077,0.091,2018
Bangladesh,115,4.5,0.532,0.579,0.58,0.14400000000000002,0.153,2018
Sri Lanka,116,4.471,0.9179999999999999,0.672,0.585,0.05,0.307,2018
Iraq,117,4.456,1.01,0.536,0.304,0.095,0.14800000000000002,2018
Mali,118,4.447,0.37,0.152,0.36700000000000005,0.055999999999999994,0.139,2018
Namibia,119,4.441,0.8740000000000001,0.365,0.519,0.064,0.051,2018
Cambodia,120,4.433,0.5489999999999999,0.457,0.696,0.065,0.256,2018
Burkina Faso,121,4.4239999999999995,0.314,0.254,0.312,0.128,0.175,2018
Egypt,122,4.419,0.885,0.5529999999999999,0.312,0.107,0.092,2018
Mozambique,123,4.417,0.198,0.17300000000000001,0.531,0.158,0.20600000000000002,2018
Kenya,124,4.41,0.493,0.45399999999999996,0.504,0.055,0.35200000000000004,2018
Zambia,125,4.377,0.562,0.295,0.503,0.08199999999999999,0.221,2018
Mauritania,126,4.356,0.557,0.292,0.129,0.09300000000000001,0.134,2018
Ethiopia,127,4.35,0.308,0.391,0.452,0.146,0.22,2018
Georgia,128,4.34,0.853,0.643,0.375,0.215,0.038,2018
Armenia,129,4.321000000000001,0.816,0.6659999999999999,0.26,0.027999999999999997,0.077,2018
Myanmar,130,4.308,0.682,0.429,0.58,0.17800000000000002,0.598,2018
Chad,131,4.301,0.358,0.053,0.18899999999999997,0.06,0.18100000000000002,2018
Congo (Kinshasa),132,4.245,0.069,0.204,0.312,0.052000000000000005,0.19699999999999998,2018
India,133,4.19,0.721,0.485,0.539,0.09300000000000001,0.172,2018
Niger,134,4.166,0.131,0.221,0.39,0.099,0.175,2018
Uganda,135,4.1610000000000005,0.322,0.237,0.45,0.061,0.259,2018
Benin,136,4.141,0.37799999999999995,0.24,0.44,0.067,0.163,2018
Sudan,137,4.138999999999999,0.605,0.312,0.016,0.08199999999999999,0.134,2018
Ukraine,138,4.103,0.7929999999999999,0.609,0.163,0.011000000000000001,0.187,2018
Togo,139,3.9989999999999997,0.259,0.253,0.434,0.10099999999999999,0.158,2018
Guinea,140,3.964,0.344,0.21100000000000002,0.39399999999999996,0.094,0.185,2018
Lesotho,141,3.8080000000000003,0.47200000000000003,0.079,0.423,0.11199999999999999,0.11599999999999999,2018
Angola,142,3.795,0.73,0.26899999999999996,0.0,0.061,0.079,2018
Madagascar,143,3.7739999999999996,0.262,0.402,0.221,0.049,0.155,2018
Zimbabwe,144,3.6919999999999997,0.35700000000000004,0.248,0.406,0.099,0.132,2018
Afghanistan,145,3.6319999999999997,0.332,0.255,0.085,0.036000000000000004,0.191,2018
Botswana,146,3.59,1.0170000000000001,0.41700000000000004,0.557,0.092,0.042,2018
Malawi,147,3.5869999999999997,0.18600000000000003,0.306,0.531,0.08,0.21,2018
Haiti,148,3.582,0.315,0.289,0.025,0.10400000000000001,0.392,2018
Liberia,149,3.495,0.076,0.267,0.419,0.03,0.20600000000000002,2018
Syria,150,3.4619999999999997,0.6890000000000001,0.539,0.08800000000000001,0.14400000000000002,0.376,2018
Rwanda,151,3.408,0.332,0.4,0.636,0.444,0.2,2018
Yemen,152,3.355,0.442,0.34299999999999997,0.244,0.064,0.083,2018
Tanzania,153,3.303,0.455,0.381,0.48100000000000004,0.09699999999999999,0.27,2018
South Sudan,154,3.2539999999999996,0.337,0.177,0.11199999999999999,0.106,0.22399999999999998,2018
Central African Republic,155,3.083,0.024,0.01,0.305,0.038,0.218,2018
Burundi,156,2.905,0.091,0.145,0.065,0.076,0.149,2018
Finland,1,7.769,1.34,0.986,0.596,0.39299999999999996,0.153,2019
Denmark,2,7.6,1.383,0.996,0.5920000000000001,0.41,0.252,2019
Norway,3,7.553999999999999,1.4880000000000002,1.028,0.603,0.341,0.271,2019
Iceland,4,7.494,1.38,1.026,0.591,0.11800000000000001,0.354,2019
Netherlands,5,7.4879999999999995,1.396,0.9990000000000001,0.557,0.298,0.322,2019
Switzerland,6,7.48,1.452,1.052,0.5720000000000001,0.34299999999999997,0.263,2019
Sweden,7,7.343,1.3869999999999998,1.0090000000000001,0.574,0.373,0.267,2019
New Zealand,8,7.307,1.3030000000000002,1.026,0.585,0.38,0.33,2019
Canada,9,7.278,1.365,1.0390000000000001,0.584,0.308,0.285,2019
Austria,10,7.246,1.376,1.016,0.532,0.226,0.244,2019
Australia,11,7.228,1.3719999999999999,1.036,0.557,0.29,0.332,2019
Costa Rica,12,7.167000000000001,1.034,0.963,0.5579999999999999,0.09300000000000001,0.14400000000000002,2019
Israel,13,7.138999999999999,1.276,1.0290000000000001,0.371,0.08199999999999999,0.261,2019
Luxembourg,14,7.09,1.609,1.012,0.526,0.316,0.19399999999999998,2019
United Kingdom,15,7.053999999999999,1.3330000000000002,0.996,0.45,0.278,0.348,2019
Ireland,16,7.021,1.499,0.9990000000000001,0.516,0.31,0.298,2019
Germany,17,6.985,1.3730000000000002,0.987,0.495,0.265,0.261,2019
Belgium,18,6.922999999999999,1.3559999999999999,0.986,0.473,0.21,0.16,2019
United States,19,6.892,1.433,0.8740000000000001,0.45399999999999996,0.128,0.28,2019
Czech Republic,20,6.852,1.2690000000000001,0.92,0.457,0.036000000000000004,0.046,2019
United Arab Emirates,21,6.825,1.5030000000000001,0.825,0.598,0.182,0.262,2019
Malta,22,6.726,1.3,0.9990000000000001,0.564,0.151,0.375,2019
Mexico,23,6.595,1.07,0.861,0.433,0.073,0.07400000000000001,2019
France,24,6.5920000000000005,1.324,1.045,0.436,0.183,0.111,2019
Taiwan,25,6.446000000000001,1.368,0.914,0.35100000000000003,0.09699999999999999,0.242,2019
Chile,26,6.444,1.159,0.92,0.35700000000000004,0.055999999999999994,0.187,2019
Guatemala,27,6.436,0.8,0.746,0.535,0.078,0.175,2019
Saudi Arabia,28,6.375,1.403,0.795,0.439,0.132,0.08,2019
Qatar,29,6.374,1.6840000000000002,0.871,0.555,0.16699999999999998,0.22,2019
Spain,30,6.354,1.286,1.062,0.36200000000000004,0.079,0.153,2019
Panama,31,6.321000000000001,1.149,0.91,0.516,0.054000000000000006,0.109,2019
Brazil,32,6.3,1.004,0.802,0.39,0.086,0.099,2019
Uruguay,33,6.292999999999999,1.124,0.8909999999999999,0.523,0.15,0.127,2019
Singapore,34,6.2620000000000005,1.5719999999999998,1.141,0.556,0.45299999999999996,0.271,2019
El Salvador,35,6.252999999999999,0.794,0.789,0.43,0.07400000000000001,0.09300000000000001,2019
Italy,36,6.223,1.294,1.0390000000000001,0.231,0.03,0.158,2019
Bahrain,37,6.199,1.3619999999999999,0.871,0.536,0.11,0.255,2019
Slovakia,38,6.1979999999999995,1.246,0.8809999999999999,0.33399999999999996,0.013999999999999999,0.121,2019
Trinidad & Tobago,39,6.192,1.2309999999999999,0.713,0.489,0.016,0.185,2019
Poland,40,6.182,1.206,0.884,0.483,0.05,0.11699999999999999,2019
Uzbekistan,41,6.1739999999999995,0.745,0.7559999999999999,0.631,0.24,0.322,2019
Lithuania,42,6.149,1.238,0.818,0.29100000000000004,0.042,0.043,2019
Colombia,43,6.125,0.985,0.841,0.47,0.034,0.099,2019
Slovenia,44,6.117999999999999,1.258,0.953,0.564,0.057,0.14400000000000002,2019
Nicaragua,45,6.105,0.6940000000000001,0.835,0.435,0.127,0.2,2019
Kosovo,46,6.1,0.882,0.758,0.489,0.006,0.262,2019
Argentina,47,6.086,1.092,0.8809999999999999,0.47100000000000003,0.05,0.066,2019
Romania,48,6.07,1.162,0.825,0.462,0.005,0.083,2019
Cyprus,49,6.046,1.263,1.042,0.406,0.040999999999999995,0.19,2019
Ecuador,50,6.028,0.912,0.868,0.498,0.087,0.126,2019
Kuwait,51,6.021,1.5,0.8079999999999999,0.493,0.09699999999999999,0.142,2019
Thailand,52,6.007999999999999,1.05,0.828,0.557,0.027999999999999997,0.359,2019
Latvia,53,5.94,1.187,0.812,0.264,0.064,0.075,2019
South Korea,54,5.895,1.301,1.036,0.159,0.055999999999999994,0.175,2019
Estonia,55,5.893,1.237,0.8740000000000001,0.495,0.161,0.10300000000000001,2019
Jamaica,56,5.89,0.831,0.831,0.49,0.027999999999999997,0.107,2019
Mauritius,57,5.888,1.12,0.7979999999999999,0.498,0.06,0.215,2019
Japan,58,5.886,1.327,1.088,0.445,0.14,0.069,2019
Honduras,59,5.86,0.642,0.828,0.507,0.078,0.24600000000000002,2019
Kazakhstan,60,5.809,1.173,0.7290000000000001,0.41,0.096,0.146,2019
Bolivia,61,5.779,0.7759999999999999,0.706,0.511,0.064,0.13699999999999998,2019
Hungary,62,5.757999999999999,1.2009999999999998,0.828,0.19899999999999998,0.02,0.081,2019
Paraguay,63,5.742999999999999,0.855,0.777,0.514,0.08,0.184,2019
Northern Cyprus,64,5.718,1.263,1.042,0.41700000000000004,0.162,0.191,2019
Peru,65,5.697,0.96,0.8540000000000001,0.455,0.027000000000000003,0.083,2019
Portugal,66,5.693,1.2209999999999999,0.9990000000000001,0.508,0.025,0.047,2019
Pakistan,67,5.653,0.677,0.535,0.313,0.098,0.22,2019
Russia,68,5.648,1.183,0.726,0.33399999999999996,0.031,0.08199999999999999,2019
Philippines,69,5.631,0.807,0.657,0.5579999999999999,0.107,0.11699999999999999,2019
Serbia,70,5.603,1.004,0.8540000000000001,0.282,0.039,0.13699999999999998,2019
Moldova,71,5.529,0.685,0.7390000000000001,0.245,0.0,0.18100000000000002,2019
Libya,72,5.525,1.044,0.6729999999999999,0.41600000000000004,0.152,0.133,2019
Montenegro,73,5.523,1.051,0.871,0.19699999999999998,0.08,0.142,2019
Tajikistan,74,5.4670000000000005,0.493,0.718,0.389,0.14400000000000002,0.23,2019
Croatia,75,5.432,1.155,0.914,0.29600000000000004,0.022000000000000002,0.11900000000000001,2019
Hong Kong,76,5.43,1.4380000000000002,1.122,0.44,0.287,0.258,2019
Dominican Republic,77,5.425,1.015,0.779,0.49700000000000005,0.10099999999999999,0.113,2019
Bosnia and Herzegovina,78,5.386,0.945,0.845,0.212,0.006,0.263,2019
Turkey,79,5.372999999999999,1.183,0.8079999999999999,0.195,0.106,0.083,2019
Malaysia,80,5.3389999999999995,1.2209999999999999,0.828,0.508,0.024,0.26,2019
Belarus,81,5.3229999999999995,1.067,0.789,0.235,0.142,0.094,2019
Greece,82,5.287000000000001,1.181,0.9990000000000001,0.067,0.034,0.0,2019
Mongolia,83,5.285,0.948,0.667,0.317,0.038,0.235,2019
North Macedonia,84,5.274,0.983,0.838,0.345,0.034,0.185,2019
Nigeria,85,5.265,0.696,0.245,0.426,0.040999999999999995,0.215,2019
Kyrgyzstan,86,5.261,0.551,0.723,0.508,0.023,0.3,2019
Turkmenistan,87,5.247000000000001,1.052,0.657,0.39399999999999996,0.027999999999999997,0.244,2019
Algeria,88,5.211,1.002,0.785,0.086,0.114,0.073,2019
Morocco,89,5.207999999999999,0.8009999999999999,0.782,0.418,0.076,0.036000000000000004,2019
Azerbaijan,90,5.207999999999999,1.043,0.769,0.35100000000000003,0.182,0.035,2019
Lebanon,91,5.197,0.987,0.815,0.21600000000000003,0.027000000000000003,0.166,2019
Indonesia,92,5.192,0.9309999999999999,0.66,0.491,0.027999999999999997,0.498,2019
China,93,5.191,1.0290000000000001,0.893,0.521,0.1,0.057999999999999996,2019
Vietnam,94,5.175,0.741,0.851,0.5429999999999999,0.073,0.147,2019
Bhutan,95,5.082,0.813,0.604,0.457,0.16699999999999998,0.37,2019
Cameroon,96,5.044,0.5489999999999999,0.331,0.381,0.037000000000000005,0.187,2019
Bulgaria,97,5.011,1.092,0.815,0.311,0.004,0.081,2019
Ghana,98,4.996,0.611,0.486,0.381,0.04,0.245,2019
Ivory Coast,99,4.944,0.569,0.23199999999999998,0.35200000000000004,0.09,0.154,2019
Nepal,100,4.913,0.446,0.677,0.439,0.08900000000000001,0.285,2019
Jordan,101,4.906000000000001,0.8370000000000001,0.815,0.38299999999999995,0.13,0.11,2019
Benin,102,4.883,0.39299999999999996,0.397,0.349,0.08199999999999999,0.175,2019
Congo (Brazzaville),103,4.812,0.6729999999999999,0.508,0.37200000000000005,0.09300000000000001,0.105,2019
Gabon,104,4.7989999999999995,1.057,0.5710000000000001,0.295,0.055,0.043,2019
Laos,105,4.796,0.764,0.551,0.547,0.16399999999999998,0.266,2019
South Africa,106,4.7219999999999995,0.96,0.469,0.389,0.055,0.13,2019
Albania,107,4.718999999999999,0.9470000000000001,0.8740000000000001,0.38299999999999995,0.027000000000000003,0.17800000000000002,2019
Venezuela,108,4.707,0.96,0.805,0.154,0.047,0.064,2019
Cambodia,109,4.7,0.574,0.637,0.609,0.062,0.23199999999999998,2019
Palestinian Territories,110,4.696000000000001,0.657,0.672,0.225,0.066,0.10300000000000001,2019
Senegal,111,4.681,0.45,0.5710000000000001,0.292,0.07200000000000001,0.153,2019
Somalia,112,4.668,0.0,0.268,0.5589999999999999,0.27,0.243,2019
Namibia,113,4.638999999999999,0.879,0.47700000000000004,0.401,0.055999999999999994,0.07,2019
Niger,114,4.628,0.138,0.366,0.318,0.102,0.188,2019
Burkina Faso,115,4.587,0.331,0.38,0.255,0.113,0.177,2019
Armenia,116,4.559,0.85,0.815,0.28300000000000003,0.064,0.095,2019
Iran,117,4.548,1.1,0.785,0.305,0.125,0.27,2019
Guinea,118,4.534,0.38,0.375,0.332,0.086,0.207,2019
Georgia,119,4.519,0.8859999999999999,0.752,0.34600000000000003,0.16399999999999998,0.043,2019
Gambia,120,4.516,0.308,0.428,0.382,0.16699999999999998,0.26899999999999996,2019
Kenya,121,4.5089999999999995,0.512,0.581,0.431,0.053,0.37200000000000005,2019
Mauritania,122,4.49,0.57,0.489,0.066,0.08800000000000001,0.106,2019
Mozambique,123,4.466,0.204,0.39,0.494,0.138,0.19699999999999998,2019
Tunisia,124,4.461,0.9209999999999999,0.815,0.16699999999999998,0.055,0.059000000000000004,2019
Bangladesh,125,4.456,0.562,0.723,0.527,0.14300000000000002,0.166,2019
Iraq,126,4.437,1.043,0.574,0.24100000000000002,0.08900000000000001,0.14800000000000002,2019
Congo (Kinshasa),127,4.418,0.094,0.35700000000000004,0.26899999999999996,0.053,0.212,2019
Mali,128,4.39,0.385,0.308,0.327,0.052000000000000005,0.153,2019
Sierra Leone,129,4.374,0.268,0.242,0.309,0.045,0.252,2019
Sri Lanka,130,4.3660000000000005,0.9490000000000001,0.831,0.47,0.047,0.244,2019
Myanmar,131,4.36,0.71,0.555,0.525,0.172,0.5660000000000001,2019
Chad,132,4.35,0.35,0.192,0.174,0.078,0.198,2019
Ukraine,133,4.332,0.82,0.7390000000000001,0.17800000000000002,0.01,0.187,2019
Ethiopia,134,4.2860000000000005,0.336,0.532,0.344,0.1,0.209,2019
Swaziland,135,4.212,0.8109999999999999,0.0,0.313,0.135,0.07400000000000001,2019
Uganda,136,4.189,0.332,0.44299999999999995,0.35600000000000004,0.06,0.252,2019
Egypt,137,4.166,0.9129999999999999,0.644,0.24100000000000002,0.067,0.076,2019
Zambia,138,4.107,0.578,0.426,0.431,0.087,0.247,2019
Togo,139,4.085,0.275,0.41,0.293,0.085,0.177,2019
India,140,4.015,0.755,0.588,0.498,0.085,0.2,2019
Liberia,141,3.975,0.073,0.44299999999999995,0.37,0.033,0.233,2019
Comoros,142,3.9730000000000003,0.27399999999999997,0.505,0.142,0.078,0.275,2019
Madagascar,143,3.9330000000000003,0.27399999999999997,0.555,0.14800000000000002,0.040999999999999995,0.16899999999999998,2019
Lesotho,144,3.802,0.489,0.168,0.359,0.09300000000000001,0.107,2019
Burundi,145,3.775,0.046,0.38,0.22,0.18,0.17600000000000002,2019
Zimbabwe,146,3.6630000000000003,0.366,0.433,0.361,0.08900000000000001,0.151,2019
Haiti,147,3.597,0.32299999999999995,0.449,0.026000000000000002,0.11,0.419,2019
Botswana,148,3.488,1.041,0.5379999999999999,0.455,0.1,0.025,2019
Syria,149,3.4619999999999997,0.619,0.44,0.013000000000000001,0.141,0.331,2019
Malawi,150,3.41,0.191,0.495,0.44299999999999995,0.08900000000000001,0.218,2019
Yemen,151,3.38,0.287,0.46299999999999997,0.14300000000000002,0.077,0.10800000000000001,2019
Rwanda,152,3.3339999999999996,0.359,0.614,0.555,0.41100000000000003,0.217,2019
Tanzania,153,3.2310000000000003,0.47600000000000003,0.499,0.41700000000000004,0.147,0.276,2019
Afghanistan,154,3.2030000000000003,0.35,0.361,0.0,0.025,0.158,2019
Central African Republic,155,3.083,0.026000000000000002,0.105,0.225,0.035,0.235,2019
South Sudan,156,2.853,0.306,0.295,0.01,0.091,0.20199999999999999,2019
Finland,1,7.808700085,10.63926697,0.8448403617177899,0.949172199,0.19544458399999998,-0.059482019000000004,2020
Denmark,2,7.645599842,10.77400112,0.8607139620349322,0.9514442679999999,0.168489456,0.06620177599999999,2020
Switzerland,3,7.559899807000001,10.97993279,0.9145018479604898,0.921336651,0.303728431,0.105911039,2020
Iceland,4,7.504499912000001,10.77255917,0.8796193242110275,0.948891878,0.7117097379999999,0.246944219,2020
Norway,5,7.487999916000001,11.08780384,0.8859722888903463,0.955750287,0.26321819399999996,0.13453263,2020
Netherlands,6,7.448900223,10.81271172,0.8574997003606751,0.908547819,0.364717126,0.20761244,2020
Sweden,7,7.353499889,10.75879383,0.8669872638930534,0.939144194,0.250880182,0.111614622,2020
New Zealand,8,7.2996001239999995,10.50094318,0.8860307079550545,0.9362174870000001,0.22113885,0.191598073,2020
Austria,9,7.294199944,10.7428236,0.8796985038744036,0.899989486,0.49995487899999996,0.085429221,2020
Luxembourg,10,7.2375001910000005,11.45068073,0.8669628823002049,0.90563643,0.367084295,-0.004620588,2020
Canada,11,7.23210001,10.69236851,0.8986545606018438,0.9339132309999999,0.390843362,0.124770768,2020
Australia,12,7.222799778,10.72059631,0.8987474999798235,0.915431738,0.41516912,0.19046016,2020
United Kingdom,13,7.164500237,10.60013485,0.8575214263257573,0.834743679,0.43591591700000004,0.263732493,2020
Israel,14,7.128600121,10.41752529,0.8859556321272709,0.7475805879999999,0.78085506,0.10259372,2020
Costa Rica,15,7.121399879,9.658156395,0.8258249202428176,0.9347389340000001,0.7863324279999999,-0.10242971,2020
Ireland,16,7.093699932000001,11.16097832,0.8574955965250826,0.8869829770000001,0.357184172,0.145784974,2020
Germany,17,7.075799942000001,10.7328186,0.8543704121303284,0.867371082,0.456422031,0.08017938599999999,2020
United States,18,6.939599991000001,10.92576885,0.7308908645886883,0.842619538,0.6997153159999999,0.149891734,2020
Czech Republic,19,6.9109001160000005,10.40416336,0.7862130990202977,0.818537354,0.85844624,-0.230861515,2020
Belgium,20,6.863500117999999,10.673639300000001,0.8480304832199049,0.813582063,0.612297952,-0.078691199,2020
United Arab Emirates,21,6.790800095,11.1099987,0.692392869908966,0.941345513,0.594502211,0.123450845,2020
Malta,22,6.772799968999999,10.53383827,0.8543064407057919,0.9249114390000001,0.658547282,0.214965805,2020
France,23,6.663799762999999,10.58422279,0.9049932824087372,0.8254676459999999,0.583521128,-0.130641967,2020
Mexico,24,6.465000152999999,9.797797203,0.7308758977705547,0.8587092759999999,0.806821585,-0.175266623,2020
Taiwan Province of China,25,6.45539999,10.77568531,0.7720399310493227,0.77153033,0.73188293,-0.07319869799999999,2020
Uruguay,26,6.440100192999999,9.948192596,0.7531360173974633,0.892395437,0.635994136,-0.101103112,2020
Saudi Arabia,27,6.406499863,10.79781246,0.6677875341721085,0.854191244,0.682619512,-0.16869506199999998,2020
Spain,28,6.4008998870000005,10.46292686,0.9240024472617631,0.751989543,0.765859902,-0.050961714000000005,2020
Guatemala,29,6.398900032,8.924805641,0.6204462765659673,0.9081475729999999,0.783237457,-0.042938665,2020
Italy,30,6.38740015,10.48183632,0.8986572159132004,0.66465199,0.873404682,-0.04346099900000001,2020
Singapore,31,6.377099991000001,11.39552116,1.0,0.926645339,0.109784193,0.029879224,2020
Brazil,32,6.375599861,9.56643486,0.6733252856748223,0.799804807,0.7706012729999999,-0.10181239199999999,2020
Slovenia,33,6.363399982000001,10.39232254,0.8195960363140951,0.936142623,0.817071021,-0.080603383,2020
El Salvador,34,6.34829998,8.909075737,0.6615579259812678,0.833805263,0.754319906,-0.12107297800000001,2020
Kosovo,35,6.325200081,9.204429626,0.591229326616144,0.861535907,0.922328293,0.19093376399999998,2020
Panama,36,6.304800033999999,10.03423405,0.7721352846343623,0.880366504,0.851588905,-0.153927714,2020
Slovakia,37,6.280600071,10.34774971,0.7500919437153233,0.7499526740000001,0.918096125,-0.12440930300000001,2020
Uzbekistan,38,6.257599831,8.740371704,0.6298952159494815,0.974998116,0.501497388,0.248427153,2020
Chile,39,6.228499889,10.0320549,0.781551876490959,0.7448962929999999,0.838239431,-0.065668367,2020
Bahrain,40,6.227300167,10.67638016,0.7372348973347043,0.905855775,0.7393470999999999,0.13372919,2020
Lithuania,41,6.215499877999999,10.34362602,0.6990782443220407,0.747381449,0.809583843,-0.21972529600000001,2020
Trinidad and Tobago,42,6.1918997760000005,10.26000214,0.5790299785832339,0.8579071159999999,0.9122306109999999,0.000526841,2020
Poland,43,6.1862998010000005,10.26512432,0.7628999858059495,0.8620557790000001,0.6869270209999999,-0.205084071,2020
Colombia,44,6.163400172999999,9.500369072,0.7119089780605731,0.8361799120000001,0.86457181,-0.161235645,2020
Cyprus,45,6.15899992,10.40570259,0.9018384054820121,0.7798582909999999,0.8562717440000001,0.043731495999999995,2020
Nicaragua,46,6.13710022,8.493160247999999,0.7058210724334093,0.8639028670000001,0.665950119,0.020959141,2020
Romania,47,6.123700142000001,10.107584,0.6963306118525588,0.842823207,0.9343002440000001,-0.19781521,2020
Kuwait,48,6.102099895,11.08982468,0.6824215375673245,0.8723664879999999,0.7608490590000001,-0.100184701,2020
Mauritius,49,6.101299762999999,9.956786156,0.67092623717717,0.889534533,0.8053430909999999,-0.018318573,2020
Kazakhstan,50,6.0578999520000005,10.11465836,0.6141502827435305,0.811601937,0.7644908429999999,-0.068488635,2020
Estonia,51,6.0218000410000005,10.34001732,0.7405558584179546,0.87770915,0.623073816,-0.111697771,2020
Philippines,52,6.006000042,8.993545532,0.5292511688827247,0.915463448,0.7336341140000001,-0.105463006,2020
Hungary,53,6.000400066,10.24924374,0.7090734754151187,0.718964577,0.892916501,-0.19432301800000001,2020
Thailand,54,5.9987998010000005,9.741791725,0.6977024968798567,0.905063033,0.8862723109999999,0.268685192,2020
Argentina,55,5.974699974,9.810955048,0.746847506984093,0.831132412,0.8420098420000001,-0.194913864,2020
Honduras,56,5.953199862999999,8.424534798,0.6960626563847514,0.870603263,0.801131904,0.086969115,2020
Latvia,57,5.9499998089999995,10.17531967,0.6836814122465068,0.671237648,0.7955800890000001,-0.186888844,2020
Ecuador,58,5.925199986,9.246058463999999,0.7372361044382342,0.8598289490000001,0.8012151120000001,-0.127014965,2020
Portugal,59,5.9109001160000005,10.26374245,0.8606987537960927,0.8887478109999999,0.8926295040000001,-0.220714301,2020
Jamaica,60,5.889800072000001,9.006250381000001,0.6929374716735874,0.8580685259999999,0.8888900279999999,-0.12510676699999998,2020
South Korea,61,5.872399807000001,10.51056671,0.8986902880186453,0.6129651070000001,0.789067447,-0.043404032,2020
Japan,62,5.870800018,10.57968903,0.9429319496100008,0.8099613790000001,0.654558063,-0.24691034899999997,2020
Peru,63,5.796800137000001,9.456313133,0.7245859391493582,0.8247660990000001,0.8937149640000001,-0.16238822,2020
Serbia,64,5.77820015,9.680980682000001,0.7280655009800663,0.726495862,0.843509018,-0.073676221,2020
Bolivia,65,5.747499942999999,8.851115227000001,0.5822089956821015,0.875873327,0.8226062059999999,-0.09168113,2020
Pakistan,66,5.69329977,8.482727051,0.41301402989411606,0.734833717,0.7457054259999999,0.04489987,2020
Paraguay,67,5.6921000479999995,9.389982224,0.6467397331422148,0.885923445,0.8347885009999999,0.007997713,2020
Dominican Republic,68,5.6891999239999995,9.664880753,0.6520411527583307,0.8662027720000001,0.755999923,-0.131263286,2020
Bosnia and Herzegovina,69,5.674099922000001,9.455817223,0.7153436394368808,0.651352704,0.933769107,0.098274559,2020
Moldova,70,5.607500076,8.776714325,0.6269032853429226,0.721609175,0.913314283,-0.037741039,2020
Tajikistan,71,5.555699825,8.024810791,0.5981598442969717,0.831383407,0.5920760629999999,-0.025088511,2020
Montenegro,72,5.54610014,9.751860619,0.7374041199604072,0.649565637,0.7831215859999999,-0.075600356,2020
Russia,73,5.546000004,10.12887192,0.5980290047158365,0.729892612,0.864802599,-0.151153743,2020
Kyrgyzstan,74,5.541500092000001,8.148405075,0.5982047450677825,0.909374893,0.888396084,0.15477205800000002,2020
Belarus,75,5.539899826,9.779945374,0.6614336041263753,0.6391630770000001,0.63571167,-0.164926544,2020
North Cyprus,76,5.53550005,10.40570259,0.9018384054820121,0.79529351,0.62611568,0.00022715900000000003,2020
Greece,77,5.514999866,10.13232613,0.8608011079487874,0.5413451189999999,0.8599314090000001,-0.30090737300000003,2020
Hong Kong S.A.R. of China,78,5.510399818,10.934671400000001,0.9989598007607502,0.7798337940000001,0.420607209,0.134979904,2020
Croatia,79,5.504700184,10.07087517,0.7914961719283958,0.714838803,0.916495264,-0.128538325,2020
Libya,80,5.488800049,9.789815903,0.5410607740357333,0.773157001,0.668779135,-0.085054487,2020
Mongolia,81,5.4562001229999995,9.412186623,0.5412027180201158,0.693351328,0.863511205,0.09809386699999999,2020
Malaysia,82,5.384300232,10.26251888,0.6930057883544225,0.8946268559999999,0.8393023009999999,0.11472679699999999,2020
Vietnam,83,5.353499889,8.809545517,0.7199189228394851,0.939592957,0.79642123,-0.094533332,2020
Indonesia,84,5.285600185,9.36975193,0.5364997331891448,0.8706144090000001,0.876296401,0.519586504,2020
Ivory Coast,85,5.233300208999999,8.225561142,0.13617557928415097,0.727909327,0.7907719609999999,-0.043991156,2020
Benin,86,5.21600008,7.674319744,0.28832735414243493,0.735182583,0.7405325770000001,-0.003537213,2020
Maldives,87,5.197599888,9.518632889,0.8036809147996167,0.8539627790000001,0.824211061,0.038085497999999995,2020
Congo (Brazzaville),88,5.1943998339999995,8.536987305,0.4026150547858272,0.7190585140000001,0.7517790790000001,-0.123674095,2020
Azerbaijan,89,5.164800167,9.687726974,0.6425777290816853,0.786824107,0.55253756,-0.24025528100000001,2020
Macedonia,90,5.1598000530000006,9.510591507000001,0.7057339265195542,0.738840938,0.8974905009999999,-0.019877451,2020
Ghana,91,5.1479997630000005,8.350645065,0.37981793735551167,0.794796526,0.8479647640000001,0.09417085300000001,2020
Nepal,92,5.137199879,7.925357342000001,0.5878634647620835,0.797565043,0.7380991579999999,0.154168829,2020
Turkey,93,5.131800175,10.12941933,0.6866984487080321,0.6088304520000001,0.748197377,-0.17104643600000002,2020
China,94,5.123899937,9.688568115,0.7622057149107632,0.898517907,0.7539710999999999,-0.18142575,2020
Turkmenistan,95,5.119100093999999,9.74803257,0.5382671545604689,0.8264570240000001,0.883691847,0.187671542,2020
Bulgaria,96,5.101500034,9.869318962000001,0.6835710918433336,0.745178163,0.9355851409999999,-0.143908441,2020
Morocco,97,5.094799995,8.940313339,0.6548493767624649,0.772072434,0.8157246109999999,-0.240377247,2020
Cameroon,98,5.084899902,8.118647575,0.23746368585257116,0.7630518079999999,0.8513365979999999,-0.00149645,2020
Venezuela,99,5.053199768,8.977793693999999,0.674121911039113,0.62327832,0.837038398,-0.16909050899999997,2020
Algeria,100,5.005099773,9.537964821000001,0.6551320582605192,0.46661090899999996,0.7354851370000001,-0.121105164,2020
Senegal,101,4.980800152,8.118982315,0.455603298062883,0.6905961629999999,0.808785141,-0.052335154,2020
Guinea,102,4.949299812,7.750990391,0.29324228958356546,0.7068467740000001,0.761794448,0.076328471,2020
Niger,103,4.909599781,6.842166901000001,0.2626231586809133,0.759772122,0.722530186,0.013860817,2020
Laos,104,4.888599873,8.79858017,0.42746722341896987,0.907213569,0.634679317,0.11137148,2020
Albania,105,4.882699966000001,9.417930603,0.7438205729064409,0.7819942240000001,0.896303713,-0.042309489000000006,2020
Cambodia,106,4.8484001160000005,8.249890327000001,0.5166962363103302,0.9597046379999999,0.8227690459999999,0.051911179,2020
Bangladesh,107,4.832799911,8.287063599,0.6107680058635099,0.90062499,0.661843538,-0.033664726,2020
Gabon,108,4.829299927,9.680537224,0.4592796022649113,0.7048292159999999,0.8491509559999999,-0.22226162300000002,2020
South Africa,109,4.814099789,9.403370857,0.3577333166598428,0.7593300940000001,0.843423843,-0.10977732400000001,2020
Iraq,110,4.7848000530000006,9.661095619,0.4652347369452919,0.633182645,0.82226181,-0.06956476,2020
Lebanon,111,4.771500111,9.3617239,0.6931458012895665,0.5513575079999999,0.90225625,-0.06121527,2020
Burkina Faso,112,4.768700123,7.46854496,0.2749428452852719,0.665563583,0.739795029,-0.019080516000000002,2020
Gambia,113,4.750599861,7.321814537000001,0.3104618242587726,0.733163178,0.6907178159999999,0.34319871700000004,2020
Mali,114,4.729300021999999,7.629852295,0.20652011115023233,0.71156615,0.839328408,-0.044366925999999994,2020
Nigeria,115,4.724100113,8.57662487,0.147507329960579,0.759578407,0.861874342,0.033745807,2020
Armenia,116,4.676799774,9.100476265,0.6818839363703575,0.7120178340000001,0.7735447879999999,-0.13877961,2020
Georgia,117,4.672599792,9.226100922,0.6105193621537244,0.8016415240000001,0.665944695,-0.22892037,2020
Iran,118,4.672399998,9.813719749,0.6583270075439348,0.647873282,0.714635968,0.11789110300000001,2020
Jordan,119,4.6333999630000005,9.025999069,0.6834373552137257,0.75104779,0.700344324,-0.162565202,2020
Mozambique,120,4.623600006,7.069345951,0.28495304319648324,0.864451885,0.683019102,0.032375867999999995,2020
Kenya,121,4.583000183,8.02977562,0.4713535422079569,0.829747558,0.831499159,0.294681519,2020
Namibia,122,4.571100235,9.203141212,0.3575901655719302,0.767520964,0.8514497879999999,-0.18530646,2020
Ukraine,123,4.56069994,9.010690689,0.6140496185357781,0.663081884,0.920636714,-0.030933706000000002,2020
Liberia,124,4.557899952,7.054380417000001,0.34477005371164254,0.735268712,0.8563759329999999,0.04227322,2020
Palestinian Territories,125,4.552800179,8.389223099,0.5394787488953663,0.645791829,0.824199975,-0.162079096,2020
Uganda,126,4.43200016,7.500389576,0.33248983607041416,0.7317139509999999,0.8367378120000001,0.099487431,2020
Chad,127,4.422699928,7.467963696,0.09557280421667043,0.587305248,0.8027608390000001,0.017834719,2020
Tunisia,128,4.392199993,9.314972877999999,0.6865415379055158,0.593361557,0.867590249,-0.216413811,2020
Mauritania,129,4.374599934,8.233919144,0.37368561379894916,0.551522553,0.746223509,-0.10600814199999999,2020
Sri Lanka,130,4.327000141,9.389969826,0.6961036944242657,0.837633669,0.859001756,0.081129618,2020
Congo (Kinshasa),131,4.31099987,6.694256306000001,0.2436355992408217,0.700793564,0.809403598,0.083637655,2020
Swaziland,132,4.3081002239999995,9.16267395,0.18947366151561443,0.646822274,0.708263338,-0.19920142,2020
Myanmar,133,4.308000088,8.680481911000001,0.4354340779241613,0.895075202,0.645124316,0.560663998,2020
Comoros,134,4.288599968,7.833630085,0.38440661881627497,0.547612607,0.780622602,0.09000840800000001,2020
Togo,135,4.187200069,7.357711315,0.3012189208363257,0.6498286129999999,0.7577334640000001,0.002667875,2020
Ethiopia,136,4.186200142,7.5093855860000005,0.4252418633554672,0.740795195,0.7536900040000001,0.043377332000000005,2020
Madagascar,137,4.165599823,7.281685829,0.43998135905614627,0.5575740929999999,0.8174856309999999,-0.011823638999999999,2020
Egypt,138,4.151400089,9.316541672,0.5246122760284383,0.708354175,0.787726879,-0.196878314,2020
Sierra Leone,139,3.926399946,7.26880312,0.17925066786356753,0.715315044,0.861330688,0.088660747,2020
Burundi,140,3.775300026,6.492642403,0.25945609111596873,0.626350224,0.606934547,-0.017551597,2020
Zambia,141,3.759399891,8.224720001,0.31955421341997886,0.806500256,0.801289678,0.078037128,2020
Haiti,142,3.720799923,7.411329268999999,0.32902270629863106,0.537825167,0.6847672459999999,0.40053457,2020
Lesotho,143,3.6528000830000003,7.9604883189999995,0.08870939611314738,0.738125861,0.857392073,-0.145732045,2020
India,144,3.573299885,8.849823952000001,0.475095266042348,0.8814448709999999,0.772042692,0.057551607000000005,2020
Malawi,145,3.538000107,7.062226295,0.3921231399831486,0.803223193,0.731700778,0.021433279,2020
Yemen,146,3.5274000169999997,7.759682655,0.3647345652285655,0.599920273,0.800287724,-0.157735437,2020
Botswana,147,3.4788999560000002,9.711203575,0.43425519372185495,0.8213281040000001,0.777930915,-0.250394493,2020
Tanzania,148,3.4762001039999997,7.967665195,0.3890598750951347,0.82153976,0.619799435,0.10966868699999999,2020
Central African Republic,149,3.475899935,6.625160217,0.0,0.640880644,0.891806662,0.082410358,2020
Rwanda,150,3.312299967,7.600104332000001,0.5030551178093131,0.9005894059999999,0.183541179,0.055483952,2020
Zimbabwe,151,3.2992000580000003,7.865711688999999,0.32961232970262105,0.711457908,0.81023699,-0.072063953,2020
South Sudan,152,2.8166000839999996,7.425359726,0.18351768170455793,0.451313615,0.7634173040000001,0.016518548,2020
Afghanistan,153,2.566900015,7.4628605839999995,0.23382685061367312,0.39657300700000003,0.9336865540000001,-0.0964294,2020
Finland,1,7.8420000000000005,10.775,0.8260579455662861,0.9490000000000001,0.18600000000000003,-0.098,2021
Denmark,2,7.62,10.933,0.8506409130816506,0.946,0.179,0.03,2021
Switzerland,3,7.571000000000001,11.117,0.9103424056189641,0.919,0.292,0.025,2021
Iceland,4,7.553999999999999,10.878,0.8611764705882352,0.955,0.6729999999999999,0.16,2021
Netherlands,5,7.4639999999999995,10.932,0.8401053555750659,0.9129999999999999,0.33799999999999997,0.175,2021
Norway,6,7.392,11.052999999999999,0.8717120280948198,0.96,0.27,0.09300000000000001,2021
Sweden,7,7.3629999999999995,10.867,0.8506409130816506,0.945,0.237,0.086,2021
Luxembourg,8,7.324,11.647,0.8471290605794554,0.907,0.386,-0.034,2021
New Zealand,9,7.277,10.642999999999999,0.8752238805970151,0.929,0.242,0.134,2021
Austria,10,7.268,10.905999999999999,0.8717120280948198,0.9079999999999999,0.48100000000000004,0.042,2021
Australia,11,7.183,10.796,0.8927831431079896,0.914,0.442,0.159,2021
Israel,12,7.157,10.575,0.8788410886742756,0.8,0.753,0.031,2021
Germany,13,7.155,10.873,0.8436172080772607,0.875,0.46,0.011000000000000001,2021
Canada,14,7.103,10.776,0.8892712906057944,0.915,0.415,0.08900000000000001,2021
Ireland,15,7.085,11.342,0.8401053555750659,0.879,0.363,0.077,2021
Costa Rica,16,7.069,9.88,0.8049868305531169,0.934,0.809,-0.126,2021
United Kingdom,17,7.064,10.707,0.8436172080772607,0.8590000000000001,0.45899999999999996,0.233,2021
Czech Republic,18,6.965,10.556,0.784161545215101,0.858,0.868,-0.20800000000000002,2021
United States,19,6.9510000000000005,11.023,0.6926075504828797,0.8370000000000001,0.698,0.098,2021
Belgium,20,6.834,10.823,0.8330465320456539,0.7829999999999999,0.6459999999999999,-0.153,2021
France,21,6.69,10.704,0.8962949956101842,0.8220000000000001,0.5710000000000001,-0.147,2021
Bahrain,22,6.647,10.669,0.7380860403863039,0.925,0.722,0.08900000000000001,2021
Malta,23,6.602,10.674000000000001,0.8330816505706761,0.927,0.653,0.133,2021
Taiwan Province of China,24,6.584,10.870999999999999,0.7417734855136081,0.784,0.721,-0.07,2021
United Arab Emirates,25,6.561,11.085,0.6621597892888498,0.932,0.589,0.07400000000000001,2021
Saudi Arabia,26,6.494,10.743,0.6365232660228273,0.877,0.684,-0.149,2021
Spain,27,6.4910000000000005,10.571,0.9208779631255487,0.7609999999999999,0.745,-0.081,2021
Italy,28,6.483,10.623,0.8892712906057944,0.693,0.866,-0.084,2021
Slovenia,29,6.461,10.529000000000002,0.8049868305531169,0.9490000000000001,0.8059999999999999,-0.10099999999999999,2021
Guatemala,30,6.435,9.052999999999999,0.5787532923617207,0.9059999999999999,0.775,-0.038,2021
Uruguay,31,6.431,9.966000000000001,0.7242142230026336,0.8959999999999999,0.59,-0.092,2021
Singapore,32,6.377000000000001,11.488,1.0,0.927,0.08199999999999999,-0.018000000000000002,2021
Kosovo,33,6.372000000000001,9.318,0.5385425812115892,0.8690000000000001,0.917,0.257,2021
Slovakia,34,6.331,10.369000000000002,0.727761194029851,0.7659999999999999,0.9109999999999999,-0.124,2021
Brazil,35,6.33,9.577,0.636453028972783,0.804,0.7559999999999999,-0.071,2021
Mexico,36,6.317,9.859,0.7065496049165932,0.862,0.799,-0.147,2021
Jamaica,37,6.309,9.186,0.6680245829675153,0.89,0.884,-0.13699999999999998,2021
Lithuania,38,6.255,10.499,0.6822827041264268,0.773,0.826,-0.203,2021
Cyprus,39,6.223,10.575999999999999,0.8927129060579453,0.763,0.8440000000000001,-0.015,2021
Estonia,40,6.189,10.481,0.713678665496049,0.909,0.527,-0.106,2021
Panama,41,6.18,10.35,0.7435996488147497,0.872,0.856,-0.166,2021
Uzbekistan,42,6.178999999999999,8.836,0.5891834942932395,0.97,0.515,0.311,2021
Chile,43,6.172000000000001,10.071,0.755820895522388,0.742,0.83,-0.044000000000000004,2021
Poland,44,6.166,10.382,0.745355575065847,0.841,0.735,-0.165,2021
Kazakhstan,45,6.152,10.155,0.5872519754170324,0.853,0.733,-0.069,2021
Romania,46,6.14,10.284,0.6629323968393328,0.845,0.938,-0.21899999999999997,2021
Kuwait,47,6.106,10.817,0.646953467954346,0.867,0.736,-0.10400000000000001,2021
Serbia,48,6.077999999999999,9.787,0.7066549604916591,0.778,0.835,0.002,2021
El Salvador,49,6.061,9.054,0.6294644424934153,0.888,0.688,-0.11,2021
Mauritius,50,6.0489999999999995,10.008,0.6399648814749782,0.867,0.789,-0.054000000000000006,2021
Latvia,51,6.032,10.315,0.6539771729587355,0.715,0.8,-0.162,2021
Colombia,52,6.0120000000000005,9.557,0.685618964003512,0.8370000000000001,0.841,-0.135,2021
Hungary,53,5.992000000000001,10.357999999999999,0.6855838454784898,0.755,0.8759999999999999,-0.18600000000000003,2021
Thailand,54,5.985,9.805,0.6645478489903427,0.884,0.895,0.287,2021
Nicaragua,55,5.972,8.62,0.6735381913959612,0.836,0.664,0.02,2021
Japan,56,5.94,10.610999999999999,0.9349253731343281,0.7959999999999999,0.638,-0.258,2021
Argentina,57,5.928999999999999,9.962,0.7207023705004388,0.828,0.8340000000000001,-0.182,2021
Portugal,58,5.928999999999999,10.421,0.8471290605794554,0.892,0.887,-0.244,2021
Honduras,59,5.919,8.648,0.6610008779631253,0.857,0.809,0.081,2021
Croatia,60,5.882000000000001,10.217,0.783880597014925,0.754,0.9390000000000001,-0.11800000000000001,2021
Philippines,61,5.88,9.076,0.4748726953467954,0.917,0.742,-0.09699999999999999,2021
South Korea,62,5.845,10.651,0.8927831431079896,0.672,0.727,-0.083,2021
Peru,63,5.84,9.458,0.6943634767339771,0.8220000000000001,0.8909999999999999,-0.154,2021
Bosnia and Herzegovina,64,5.813,9.59,0.6890254609306408,0.706,0.9309999999999999,0.113,2021
Moldova,65,5.766,9.454,0.6047761194029849,0.8220000000000001,0.9179999999999999,-0.079,2021
Ecuador,66,5.763999999999999,9.312999999999999,0.713678665496049,0.8420000000000001,0.843,-0.124,2021
Kyrgyzstan,67,5.744,8.538,0.5591922739244954,0.935,0.9079999999999999,0.11900000000000001,2021
Greece,68,5.723,10.279000000000002,0.8471290605794554,0.5820000000000001,0.823,-0.28800000000000003,2021
Bolivia,69,5.716,9.046,0.5416330114135207,0.875,0.8390000000000001,-0.077,2021
Mongolia,70,5.6770000000000005,9.4,0.4924319578577699,0.708,0.856,0.11599999999999999,2021
Paraguay,71,5.653,9.448,0.6118349429323969,0.8759999999999999,0.882,0.027999999999999997,2021
Montenegro,72,5.581,9.94,0.7101316944688322,0.708,0.812,-0.034,2021
Dominican Republic,73,5.545,9.802,0.6189288849868306,0.86,0.7140000000000001,-0.133,2021
North Cyprus,74,5.5360000000000005,10.575999999999999,0.8927129060579453,0.795,0.626,0.012,2021
Belarus,75,5.534,9.853,0.6242317822651448,0.65,0.627,-0.18,2021
Russia,76,5.477,10.189,0.5697980684811238,0.718,0.845,-0.111,2021
Hong Kong S.A.R. of China,77,5.477,11.0,0.9953292361720805,0.7170000000000001,0.40299999999999997,0.067,2021
Tajikistan,78,5.466,8.091000000000001,0.5549780509218614,0.8320000000000001,0.5529999999999999,-0.055999999999999994,2021
Vietnam,79,5.4110000000000005,8.972999999999999,0.6867778753292358,0.94,0.7959999999999999,-0.098,2021
Libya,80,5.41,9.622,0.48540825285337996,0.7709999999999999,0.667,-0.087,2021
Malaysia,81,5.3839999999999995,10.238,0.6540474100087796,0.895,0.8390000000000001,0.125,2021
Indonesia,82,5.345,9.365,0.4831606672519755,0.873,0.867,0.542,2021
Congo (Brazzaville),83,5.3420000000000005,8.117,0.34215978928884994,0.695,0.745,-0.068,2021
China,84,5.3389999999999995,9.673,0.7415276558384548,0.904,0.755,-0.146,2021
Ivory Coast,85,5.306,8.551,0.05745390693590854,0.741,0.794,-0.016,2021
Armenia,86,5.2829999999999995,9.487,0.6523968393327482,0.825,0.629,-0.168,2021
Nepal,87,5.269,8.12,0.5532923617208078,0.782,0.727,0.152,2021
Bulgaria,88,5.266,10.016,0.6504653204565407,0.7879999999999999,0.932,-0.096,2021
Maldives,89,5.1979999999999995,9.826,0.7768920105355572,0.8540000000000001,0.825,0.024,2021
Azerbaijan,90,5.171,9.568999999999999,0.6032660228270413,0.8140000000000001,0.506,-0.223,2021
Cameroon,91,5.142,8.189,0.17689201053555748,0.731,0.848,0.026000000000000002,2021
Senegal,92,5.132000000000001,8.118,0.39768217734855127,0.695,0.8009999999999999,-0.046,2021
Albania,93,5.117,9.52,0.7206672519754168,0.785,0.9009999999999999,-0.03,2021
North Macedonia,94,5.101,9.693,0.5968744512730461,0.7509999999999999,0.905,0.038,2021
Ghana,95,5.088,8.58,0.31985952589991234,0.807,0.848,0.12300000000000001,2021
Niger,96,5.074,7.098,0.186198419666374,0.8059999999999999,0.693,0.018000000000000002,2021
Turkmenistan,97,5.066,9.629,0.48923617208077247,0.877,0.888,0.273,2021
Gambia,98,5.051,7.686,0.23466198419666356,0.6970000000000001,0.746,0.424,2021
Benin,99,5.045,8.087,0.21896400351185247,0.757,0.6609999999999999,-0.034,2021
Laos,100,5.03,8.947000000000001,0.3683933274802459,0.91,0.6579999999999999,0.12300000000000001,2021
Bangladesh,101,5.025,8.454,0.5732045654082527,0.877,0.682,-0.040999999999999995,2021
Guinea,102,4.984,7.837999999999999,0.2293239683933275,0.6970000000000001,0.7659999999999999,0.095,2021
South Africa,103,4.956,9.402999999999999,0.2959086918349427,0.7490000000000001,0.86,-0.067,2021
Turkey,104,4.948,10.24,0.6574539069359085,0.5760000000000001,0.7759999999999999,-0.139,2021
Pakistan,105,4.934,8.458,0.3592976294995608,0.726,0.787,0.098,2021
Morocco,106,4.918,8.902999999999999,0.622651448639157,0.774,0.8009999999999999,-0.23600000000000002,2021
Venezuela,107,4.8919999999999995,9.073,0.6399297629499561,0.615,0.8270000000000001,-0.16899999999999998,2021
Georgia,108,4.891,9.585,0.5556453028972781,0.7829999999999999,0.655,-0.23800000000000002,2021
Algeria,109,4.887,9.342,0.6155223880597013,0.48,0.752,-0.067,2021
Ukraine,110,4.875,9.436,0.5767866549604916,0.7240000000000001,0.924,-0.011000000000000001,2021
Iraq,111,4.854,9.24,0.42510974539069346,0.63,0.875,-0.053,2021
Gabon,112,4.852,9.603,0.403301141352063,0.731,0.84,-0.2,2021
Burkina Faso,113,4.834,7.678,0.19922739244951718,0.695,0.748,-0.009000000000000001,2021
Cambodia,114,4.83,8.36,0.4748726953467954,0.9590000000000001,0.843,0.034,2021
Mozambique,115,4.794,7.1579999999999995,0.2187181738366989,0.882,0.684,0.061,2021
Nigeria,116,4.7589999999999995,8.533,0.057032484635645135,0.737,0.878,0.037000000000000005,2021
Mali,117,4.723,7.744,0.12259877085162396,0.6970000000000001,0.8270000000000001,-0.036000000000000004,2021
Iran,118,4.721,9.584,0.6258823529411763,0.608,0.7140000000000001,0.218,2021
Uganda,119,4.636,7.6770000000000005,0.26770851624231795,0.7090000000000001,0.855,0.122,2021
Liberia,120,4.625,7.287999999999999,0.2816505706760317,0.735,0.85,0.05,2021
Kenya,121,4.607,8.361,0.4293590869183491,0.779,0.825,0.287,2021
Tunisia,122,4.596,9.266,0.6575241439859528,0.6559999999999999,0.87,-0.201,2021
Lebanon,123,4.584,9.626,0.6629323968393328,0.525,0.898,-0.073,2021
Namibia,124,4.574,9.161,0.2922212467076382,0.7190000000000001,0.847,-0.149,2021
Palestinian Territories,125,4.5169999999999995,8.485,0.48365232660228263,0.653,0.821,-0.163,2021
Myanmar,126,4.426,8.541,0.3801229148375767,0.8759999999999999,0.66,0.509,2021
Jordan,127,4.395,9.182,0.6504653204565407,0.755,0.705,-0.16699999999999998,2021
Chad,128,4.355,7.364,0.0,0.579,0.807,0.040999999999999995,2021
Sri Lanka,129,4.325,9.47,0.6609657594381032,0.841,0.863,0.079,2021
Swaziland,130,4.308,9.065,0.08270412642668996,0.647,0.708,-0.185,2021
Comoros,131,4.289,8.031,0.3115364354697101,0.5479999999999999,0.7809999999999999,0.08199999999999999,2021
Egypt,132,4.283,9.367,0.4748024582967516,0.7490000000000001,0.795,-0.182,2021
Ethiopia,133,4.275,7.694,0.36951712028094813,0.752,0.7609999999999999,0.08199999999999999,2021
Mauritania,134,4.227,8.542,0.30493415276558383,0.561,0.731,-0.106,2021
Madagascar,135,4.208,7.396,0.38022827041264257,0.552,0.8029999999999999,-0.005,2021
Togo,136,4.107,7.362,0.226022827041264,0.619,0.772,0.032,2021
Zambia,137,4.073,8.145,0.2574539069359085,0.782,0.823,0.061,2021
Sierra Leone,138,3.8489999999999998,7.434,0.11143107989464449,0.7170000000000001,0.866,0.084,2021
India,139,3.819,8.755,0.42686567164179107,0.893,0.774,0.08900000000000001,2021
Burundi,140,3.775,6.635,0.17285338015803325,0.626,0.607,-0.024,2021
Yemen,141,3.658,7.577999999999999,0.30356453028972774,0.602,0.8,-0.147,2021
Tanzania,142,3.623,7.876,0.3343634767339769,0.833,0.5770000000000001,0.183,2021
Haiti,143,3.615,7.477,0.2536259877085163,0.593,0.721,0.42200000000000004,2021
Malawi,144,3.6,6.957999999999999,0.33257243195785774,0.78,0.7290000000000001,0.038,2021
Lesotho,145,3.512,7.926,0.007796312554872741,0.715,0.915,-0.131,2021
Botswana,146,3.467,9.782,0.3789640035118524,0.8240000000000001,0.8009999999999999,-0.24600000000000002,2021
Rwanda,147,3.415,7.676,0.4538015803336259,0.897,0.16699999999999998,0.061,2021
Zimbabwe,148,3.145,7.943,0.27122036874451266,0.677,0.821,-0.047,2021
Afghanistan,149,2.523,7.695,0.14100087796312555,0.382,0.924,-0.102,2021
